titre;description;archive;typeform;catform;deflang;username;datecreat;datedeb;datefin;raisonsociale;cliadr;cliville;enqueteur;daterepon;uidrpnd;adresse;annï¿½ï¿½;wilaya;sexe;sitfam;sitprof;nivetude;niveau;profession;gpslat;gpslon;isparrain;isanonyme;emploie;csp;gpslatrepon;gpslonrepon;Present sur RS;RS utilise;Raisons Utilisation RS;Suivre Les Marques;Marque Doit etre sur RS;Top Of Mind Marque;Top Of Mind Marque DZ;Notoriete Assistee ;Connaissance Marque Condor;Origirne de Notorite;Suivre Condor sur RS;Presence Condor sur RS;Decouverte Produit Condor sur RS;Quel Produit decouvert sur RS;Participation Condor Pour la marque;Proposition Ecrites
[Etude Universitaire] - Impact de la communication Digitale sur la marque ;"Sous le thï¿½ï¿"" La communication Digitale et son impact sur la notoriï¿½ï¿½ï¿½ï¿½ï¿½ï¿½ï¿½"" , un(e) ï¿½ï¿½ï¿½ï¿½ï¿½ï¿½ï¿½ï¿½ï¿½ï¿½ï¿½ï¿½ï¿½ï¿½ï¿½ï¿½ï¿½ï¿½tudiant(e) de l'Ecole des Hautes Etudes Commerciale Kolea lance son sondage pour rï¿½ï¿½ï¿½ï¿½ï¿½ï¿½ï¿½ï¿½ï¿½ï¿½ï¿½ï¿½ï¿½ï¿½ï¿½ï¿½ï¿½ï¿½colter les avis de la communautï¿½ï¿½ï¿½ï¿½ï¿½ï¿½ï¿½ï¿½ï¿½ï¿½ï¿½ï¿½ï¿";false;O2A;QUESTIONNAIRE EN TENANT COMPTE DU CSP;French;admin;6/3/2021, 2:40:31 PM;6/3/2021, 7:30:22 PM;6/10/2021, 9:58:59 PM;BRIM;CYBER PARC STATION 15;SIDI ABDALLAH;enq1;6/3/2021, 7:40:54 PM;53868d6e-3ee6-4eb2-9c94-032158698256;adr1;1905;WILAYA DE M'SILA;H;null;null;null;1;null;0.22;0.001;true;false;Agent de maitrise d'exploitation forestiï¿½ï;C2;34.882065;-1.3164257;,NONPresentSur RS;,,,,,,,;,,,,;,,,,;,;condor,lg,irys;condor,geant,irys;Samsung,Huawei,,Condor,LG,Brandt,,,,,;OUI je connais condor,;Affichage,TV,,,;,Non JeNesuisPas Condor ;,,,,;,;;;pas d'opinion
[Etude Universitaire] - Impact de la communication Digitale sur la marque ;"Sous le thï¿½ï¿"" La communication Digitale et son impact sur la notoriï¿½ï¿½ï¿½ï¿½ï¿½ï¿½ï¿½"" , un(e) ï¿½ï¿½ï¿½ï¿½ï¿½ï¿½ï¿½ï¿½ï¿½ï¿½ï¿½ï¿½ï¿½ï¿½ï¿½ï¿½ï¿½ï¿½tudiant(e) de l'Ecole des Hautes Etudes Commerciale Kolea lance son sondage pour rï¿½ï¿½ï¿½ï¿½ï¿½ï¿½ï¿½ï¿½ï¿½ï¿½ï¿½ï¿½ï¿½ï¿½ï¿½ï¿½ï¿½ï¿½colter les avis de la communautï¿½ï¿½ï¿½ï¿½ï¿½ï¿½ï¿½ï¿½ï¿½ï¿½ï¿½ï¿½ï¿";false;O2A;QUESTIONNAIRE EN TENANT COMPTE DU CSP;French;admin;6/3/2021, 2:40:31 PM;6/3/2021, 7:30:22 PM;6/10/2021, 9:58:59 PM;BRIM;CYBER PARC STATION 15;SIDI ABDALLAH;enq2;6/7/2021, 11:31:50 PM;09e90d6f-0098-4d7e-a13c-cde6d772d41b;Adr2;1985;WILAYA D'ALGER;F;null;null;null;1;null;36.679462;2.8988457;true;false;Chargï¿½ï¿½ï¿½ï¿½ï¿½ï¿½ï¿½ï¿½;C2;36.525032;2.8638926;OUIPresentSur RS,;,UtilisePlus Instagram,,,UtilisePlus Youtube,,,;FaireConnaissance,Suivre Actualite ,Decouverte Cultures,Consultation Page marque,;,,,,Tres Souvent Suivi Marque ;Oui Important,;LG,whirlpool ,Bosch ;condor,geant ,starlight ;Samsung,Huawei,BEKO,Condor,LG,Brandt,Iris,,Starlight,Stream System,ENIEM;OUI je connais condor,;Affichage,TV,,Ami(e)s Famille Proche,;,Non JeNesuisPas Condor ;,,,,;,;;;
[Etude Universitaire] - Impact de la communication Digitale sur la marque ;"Sous le thï¿½ï¿"" La communication Digitale et son impact sur la notoriï¿½ï¿½ï¿½ï¿½ï¿½ï¿½ï¿½"" , un(e) ï¿½ï¿½ï¿½ï¿½ï¿½ï¿½ï¿½ï¿½ï¿½ï¿½ï¿½ï¿½ï¿½ï¿½ï¿½ï¿½ï¿½ï¿½tudiant(e) de l'Ecole des Hautes Etudes Commerciale Kolea lance son sondage pour rï¿½ï¿½ï¿½ï¿½ï¿½ï¿½ï¿½ï¿½ï¿½ï¿½ï¿½ï¿½ï¿½ï¿½ï¿½ï¿½ï¿½ï¿½colter les avis de la communautï¿½ï¿½ï¿½ï¿½ï¿½ï¿½ï¿½ï¿½ï¿½ï¿½ï¿½ï¿½ï¿";false;O2A;QUESTIONNAIRE EN TENANT COMPTE DU CSP;French;admin;6/3/2021, 2:40:31 PM;6/3/2021, 7:30:22 PM;6/10/2021, 9:58:59 PM;BRIM;CYBER PARC STATION 15;SIDI ABDALLAH;enq3;6/3/2021, 7:53:40 PM;c5ed70aa-8933-4499-bc95-7ea3567423a8;adr3;1991;WILAYA DE BORDJ BOU ARRERIDJ;F;MARIE;AU_FOYER;MASTER_INGENIEUR;3;null;36.6921;2.8697126;true;false;Biologiste mï¿½ï¿½ï;C1;36.737995;2.88737;OUIPresentSur RS,;UtilisePlus Facebook,UtilisePlus Instagram,,,UtilisePlus Youtube,,,;,Suivre Actualite ,,Consultation Page marque,;,,Moyennement Suivi Marque ,,;Oui Important,;beko,LG,BOSH;condor,brandt,eniem;Samsung,Huawei,BEKO,Condor,LG,Brandt,Iris,Raylan,Starlight,Stream System,ENIEM;OUI je connais condor,;,TV,,,;,Non JeNesuisPas Condor ;,,,,;,;;;publicitï¿½
[Etude Universitaire] - Impact de la communication Digitale sur la marque ;"Sous le thï¿½ï¿"" La communication Digitale et son impact sur la notoriï¿½ï¿½ï¿½ï¿½ï¿½ï¿½ï¿½"" , un(e) ï¿½ï¿½ï¿½ï¿½ï¿½ï¿½ï¿½ï¿½ï¿½ï¿½ï¿½ï¿½ï¿½ï¿½ï¿½ï¿½ï¿½ï¿½tudiant(e) de l'Ecole des Hautes Etudes Commerciale Kolea lance son sondage pour rï¿½ï¿½ï¿½ï¿½ï¿½ï¿½ï¿½ï¿½ï¿½ï¿½ï¿½ï¿½ï¿½ï¿½ï¿½ï¿½ï¿½ï¿½colter les avis de la communautï¿½ï¿½ï¿½ï¿½ï¿½ï¿½ï¿½ï¿½ï¿½ï¿½ï¿½ï¿½ï¿";false;O2A;QUESTIONNAIRE EN TENANT COMPTE DU CSP;French;admin;6/3/2021, 2:40:31 PM;6/3/2021, 7:30:22 PM;6/10/2021, 9:58:59 PM;BRIM;CYBER PARC STATION 15;SIDI ABDALLAH;enq4;6/5/2021, 12:41:26 AM;3e4a2337-26ef-40c1-a5a9-42f0d841b1f4;adr4;1992;WILAYA D'ALGER;F;MARIE;A_SON_COMPTE;DOCTEUR;1;null;36.71835;3.1242752;true;false;Consultant marketing;B;36.71771;3.1203117;OUIPresentSur RS,;UtilisePlus Facebook,UtilisePlus Instagram,,UtilisePlus Likendin,,,,;FaireConnaissance,Suivre Actualite ,,Consultation Page marque,;,,Moyennement Suivi Marque ,,;Oui Important,;lg,condor,Whirlpool;condor ,iris,brandt;Samsung,Huawei,BEKO,Condor,LG,Brandt,Iris,Raylan,Starlight,Stream System,ENIEM;OUI je connais condor,;Affichage,TV,Reseaux Sociaux ,Ami(e)s Famille Proche,;,Non JeNesuisPas Condor ;,,,,;,;;;
[Etude Universitaire] - Impact de la communication Digitale sur la marque ;"Sous le thï¿½ï¿"" La communication Digitale et son impact sur la notoriï¿½ï¿½ï¿½ï¿½ï¿½ï¿½ï¿½"" , un(e) ï¿½ï¿½ï¿½ï¿½ï¿½ï¿½ï¿½ï¿½ï¿½ï¿½ï¿½ï¿½ï¿½ï¿½ï¿½ï¿½ï¿½ï¿½tudiant(e) de l'Ecole des Hautes Etudes Commerciale Kolea lance son sondage pour rï¿½ï¿½ï¿½ï¿½ï¿½ï¿½ï¿½ï¿½ï¿½ï¿½ï¿½ï¿½ï¿½ï¿½ï¿½ï¿½ï¿½ï¿½colter les avis de la communautï¿½ï¿½ï¿½ï¿½ï¿½ï¿½ï¿½ï¿½ï¿½ï¿½ï¿½ï¿½ï¿";false;O2A;QUESTIONNAIRE EN TENANT COMPTE DU CSP;French;admin;6/3/2021, 2:40:31 PM;6/3/2021, 7:30:22 PM;6/10/2021, 9:58:59 PM;BRIM;CYBER PARC STATION 15;SIDI ABDALLAH;enq5;6/22/2021, 7:00:58 PM;fd636b6c-1acd-47bd-9d8c-5ebe620890b1;adr5;1983;WILAYA D' EL BAYADH;H;MARIE;SALARIE;MASTER_INGENIEUR;2;null;36.67532;2.9029605;false;false;Adjoint  au directeur administratif et financier;C1;36.46567;2.6266508;,NONPresentSur RS;,,,,,,,;,,,,;,,,,;,;condor ,enie,star sat;enie,sream,iris;Samsung,Huawei,BEKO,Condor,LG,Brandt,Iris,,Starlight,Stream System,ENIEM;OUI je connais condor,;Affichage,TV,,,;,Non JeNesuisPas Condor ;,,,,;,;;;
[Etude Universitaire] - Impact de la communication Digitale sur la marque ;"Sous le thï¿½ï¿"" La communication Digitale et son impact sur la notoriï¿½ï¿½ï¿½ï¿½ï¿½ï¿½ï¿½"" , un(e) ï¿½ï¿½ï¿½ï¿½ï¿½ï¿½ï¿½ï¿½ï¿½ï¿½ï¿½ï¿½ï¿½ï¿½ï¿½ï¿½ï¿½ï¿½tudiant(e) de l'Ecole des Hautes Etudes Commerciale Kolea lance son sondage pour rï¿½ï¿½ï¿½ï¿½ï¿½ï¿½ï¿½ï¿½ï¿½ï¿½ï¿½ï¿½ï¿½ï¿½ï¿½ï¿½ï¿½ï¿½colter les avis de la communautï¿½ï¿½ï¿½ï¿½ï¿½ï¿½ï¿½ï¿½ï¿½ï¿½ï¿½ï¿½ï¿";false;O2A;QUESTIONNAIRE EN TENANT COMPTE DU CSP;French;admin;6/3/2021, 2:40:31 PM;6/3/2021, 7:30:22 PM;6/10/2021, 9:58:59 PM;BRIM;CYBER PARC STATION 15;SIDI ABDALLAH;enq6;6/3/2021, 8:33:33 PM;099d980c-67e1-482f-806e-0522331926ec;adr6;1996;Sï¿½ï¿½ï¿½ï¿½ï¿;F;CELIBATAIRE;ETUDIANT;LICENCE;1;null;36.70763;3.0355422;false;false;Maitre assistant ï¿½ï¿½ï¿½ï¿½ï¿½ï¿½ï¿½ï¿½ï¿½ï¿½ï¿½ï¿½ï;C1;null;null;OUIPresentSur RS,;UtilisePlus Facebook,UtilisePlus Instagram,,,UtilisePlus Youtube,,,;,Suivre Actualite ,Decouverte Cultures,Consultation Page marque,;,,,Souvent Suivi Marque ,;Oui Important,;LG,Brandt,Enieme;enieme ,Brandt,iris;Samsung,,BEKO,Condor,LG,Brandt,,Raylan,Starlight,Stream System,ENIEM;OUI je connais condor,;,TV,Reseaux Sociaux ,Ami(e)s Famille Proche,;Oui je suis Condor,;Facebook,,Instagram,,Youtube;Oui J ai decouvert,;smartphones;Moyenne;
[Etude Universitaire] - Impact de la communication Digitale sur la marque ;"Sous le thï¿½ï¿"" La communication Digitale et son impact sur la notoriï¿½ï¿½ï¿½ï¿½ï¿½ï¿½ï¿½"" , un(e) ï¿½ï¿½ï¿½ï¿½ï¿½ï¿½ï¿½ï¿½ï¿½ï¿½ï¿½ï¿½ï¿½ï¿½ï¿½ï¿½ï¿½ï¿½tudiant(e) de l'Ecole des Hautes Etudes Commerciale Kolea lance son sondage pour rï¿½ï¿½ï¿½ï¿½ï¿½ï¿½ï¿½ï¿½ï¿½ï¿½ï¿½ï¿½ï¿½ï¿½ï¿½ï¿½ï¿½ï¿½colter les avis de la communautï¿½ï¿½ï¿½ï¿½ï¿½ï¿½ï¿½ï¿½ï¿½ï¿½ï¿½ï¿½ï¿";false;O2A;QUESTIONNAIRE EN TENANT COMPTE DU CSP;French;admin;6/3/2021, 2:40:31 PM;6/3/2021, 7:30:22 PM;6/10/2021, 9:58:59 PM;BRIM;CYBER PARC STATION 15;SIDI ABDALLAH;enq7;6/6/2021, 8:37:24 AM;fd6c6e9d-b267-480e-ad00-04857695456d;adr7;1982;WILAYA D'ALGER;H;MARIE;SALARIE;MASTER_INGENIEUR;4;null;36.679394;2.8987238;true;false;Enseignant-chercheur;C1;null;null;OUIPresentSur RS,;UtilisePlus Facebook,UtilisePlus Instagram,,UtilisePlus Likendin,,,,;FaireConnaissance,Suivre Actualite ,Decouverte Cultures,Consultation Page marque,;,,Moyennement Suivi Marque ,,;Oui Important,;seb,moulinex ,LG;aucune ,aucune ,aucune ;Samsung,Huawei,BEKO,,LG,,Iris,,,,ENIEM;OUI je connais condor,;Affichage,,,,;,Non JeNesuisPas Condor ;,,,,;,;;;amï¿½ï¿½ï¿½ï¿½ï¿½ï¿½ï¿½ï¿½ï¿½ï¿½ï¿½ï¿½ï¿½ï¿½ï¿½ï¿½ï¿½ï
[Etude Universitaire] - Impact de la communication Digitale sur la marque ;"Sous le thï¿½ï¿"" La communication Digitale et son impact sur la notoriï¿½ï¿½ï¿½ï¿½ï¿½ï¿½ï¿½"" , un(e) ï¿½ï¿½ï¿½ï¿½ï¿½ï¿½ï¿½ï¿½ï¿½ï¿½ï¿½ï¿½ï¿½ï¿½ï¿½ï¿½ï¿½ï¿½tudiant(e) de l'Ecole des Hautes Etudes Commerciale Kolea lance son sondage pour rï¿½ï¿½ï¿½ï¿½ï¿½ï¿½ï¿½ï¿½ï¿½ï¿½ï¿½ï¿½ï¿½ï¿½ï¿½ï¿½ï¿½ï¿½colter les avis de la communautï¿½ï¿½ï¿½ï¿½ï¿½ï¿½ï¿½ï¿½ï¿½ï¿½ï¿½ï¿½ï¿";false;O2A;QUESTIONNAIRE EN TENANT COMPTE DU CSP;French;admin;6/3/2021, 2:40:31 PM;6/3/2021, 7:30:22 PM;6/10/2021, 9:58:59 PM;BRIM;CYBER PARC STATION 15;SIDI ABDALLAH;enq8;6/3/2021, 8:00:31 PM;06c9cd3f-62c2-46e8-abb1-7f50b5681581;adr8;1993;WILAYA DE TLEMCEN;F;CELIBATAIRE;SALARIE;MASTER_INGENIEUR;1;null;36.688416;4.267488;true;false;Consultant marketing;B;36.68837;4.26758;OUIPresentSur RS,;UtilisePlus Facebook,UtilisePlus Instagram,,UtilisePlus Likendin,,,,;,,,Consultation Page marque,;,,,Souvent Suivi Marque ,;Oui Important,;sonashi,brante,LG;brand,condors ,eniem;Samsung,,BEKO,Condor,LG,Brandt,Iris,,,,ENIEM;OUI je connais condor,;,TV,,,;,Non JeNesuisPas Condor ;,,,,;,;;;s interesser aux groupes et communiquer a travers 
[Etude Universitaire] - Impact de la communication Digitale sur la marque ;"Sous le thï¿½ï¿"" La communication Digitale et son impact sur la notoriï¿½ï¿½ï¿½ï¿½ï¿½ï¿½ï¿½"" , un(e) ï¿½ï¿½ï¿½ï¿½ï¿½ï¿½ï¿½ï¿½ï¿½ï¿½ï¿½ï¿½ï¿½ï¿½ï¿½ï¿½ï¿½ï¿½tudiant(e) de l'Ecole des Hautes Etudes Commerciale Kolea lance son sondage pour rï¿½ï¿½ï¿½ï¿½ï¿½ï¿½ï¿½ï¿½ï¿½ï¿½ï¿½ï¿½ï¿½ï¿½ï¿½ï¿½ï¿½ï¿½colter les avis de la communautï¿½ï¿½ï¿½ï¿½ï¿½ï¿½ï¿½ï¿½ï¿½ï¿½ï¿½ï¿½ï¿";false;O2A;QUESTIONNAIRE EN TENANT COMPTE DU CSP;French;admin;6/3/2021, 2:40:31 PM;6/3/2021, 7:30:22 PM;6/10/2021, 9:58:59 PM;BRIM;CYBER PARC STATION 15;SIDI ABDALLAH;enq9;6/3/2021, 9:17:04 PM;a50d8a4a-b7a7-4c56-aed3-ede19e42e7e9;adr9;1991;WILAYA D'EL TARF;F;MARIE;A_SON_COMPTE;MASTER_INGENIEUR;1;null;36.5122;4.5841327;false;false;Directeur / Directrice d'ï¿½ï¿½ï¿½ï¿½ï¿½ï¿½ï¿½ï¿½ï¿½ï¿½ï¿½ï¿½ï¿½ï¿½;B;36.498726;4.578854;OUIPresentSur RS,;UtilisePlus Facebook,UtilisePlus Instagram,,,UtilisePlus Youtube,,,;,Suivre Actualite ,,Consultation Page marque,;,,,Souvent Suivi Marque ,;Oui Important,;Samsung,Whirlpool,Ariston;condor,eniem,iris;Samsung,Huawei,BEKO,Condor,LG,Brandt,Iris,Raylan,Starlight,,ENIEM;OUI je connais condor,;,,,Ami(e)s Famille Proche,;,Non JeNesuisPas Condor ;,,,,;,;;;
[Etude Universitaire] - Impact de la communication Digitale sur la marque ;"Sous le thï¿½ï¿"" La communication Digitale et son impact sur la notoriï¿½ï¿½ï¿½ï¿½ï¿½ï¿½ï¿½"" , un(e) ï¿½ï¿½ï¿½ï¿½ï¿½ï¿½ï¿½ï¿½ï¿½ï¿½ï¿½ï¿½ï¿½ï¿½ï¿½ï¿½ï¿½ï¿½tudiant(e) de l'Ecole des Hautes Etudes Commerciale Kolea lance son sondage pour rï¿½ï¿½ï¿½ï¿½ï¿½ï¿½ï¿½ï¿½ï¿½ï¿½ï¿½ï¿½ï¿½ï¿½ï¿½ï¿½ï¿½ï¿½colter les avis de la communautï¿½ï¿½ï¿½ï¿½ï¿½ï¿½ï¿½ï¿½ï¿½ï¿½ï¿½ï¿½ï¿";false;O2A;QUESTIONNAIRE EN TENANT COMPTE DU CSP;French;admin;6/3/2021, 2:40:31 PM;6/3/2021, 7:30:22 PM;6/10/2021, 9:58:59 PM;BRIM;CYBER PARC STATION 15;SIDI ABDALLAH;enq10;6/4/2021, 5:37:30 PM;fba8baa6-a529-4e57-ac28-bd5caa34e56b;adr10;1988;WILAYA D'ALGER;H;MARIE;SALARIE;MASTER_INGENIEUR;1;null;36.774117;3.0544572;false;false;Directeur tï¿½ï¿½ï¿½;B;null;null;OUIPresentSur RS,;UtilisePlus Facebook,,,UtilisePlus Likendin,,,,;FaireConnaissance,,,Consultation Page marque,;,,Moyennement Suivi Marque ,,;Oui Important,;iris ,Samsung ,condor ;condor ,iris ,Brandt ;Samsung,,BEKO,Condor,LG,Brandt,Iris,,Starlight,Stream System,ENIEM;OUI je connais condor,;,TV,,,;Oui je suis Condor,;Facebook,,,,;Oui J ai decouvert,;tv ;Faible ;plus de promo et de facilitation de paiement 
[Etude Universitaire] - Impact de la communication Digitale sur la marque ;"Sous le thï¿½ï¿"" La communication Digitale et son impact sur la notoriï¿½ï¿½ï¿½ï¿½ï¿½ï¿½ï¿½"" , un(e) ï¿½ï¿½ï¿½ï¿½ï¿½ï¿½ï¿½ï¿½ï¿½ï¿½ï¿½ï¿½ï¿½ï¿½ï¿½ï¿½ï¿½ï¿½tudiant(e) de l'Ecole des Hautes Etudes Commerciale Kolea lance son sondage pour rï¿½ï¿½ï¿½ï¿½ï¿½ï¿½ï¿½ï¿½ï¿½ï¿½ï¿½ï¿½ï¿½ï¿½ï¿½ï¿½ï¿½ï¿½colter les avis de la communautï¿½ï¿½ï¿½ï¿½ï¿½ï¿½ï¿½ï¿½ï¿½ï¿½ï¿½ï¿½ï¿";false;O2A;QUESTIONNAIRE EN TENANT COMPTE DU CSP;French;admin;6/3/2021, 2:40:31 PM;6/3/2021, 7:30:22 PM;6/10/2021, 9:58:59 PM;BRIM;CYBER PARC STATION 15;SIDI ABDALLAH;enq11;6/5/2021, 10:12:01 AM;e263007f-47bd-4b15-85d1-c1855848e2a5;adr11;1985;TLEMCEN PROVINCE;F;CELIBATAIRE;SALARIE;DOCTEUR;2;null;36.714195;3.2201552;false;false;Maï¿½ï¿½ï¿½ï¿½ï¿½ï¿½ï¿½ï¿½ï¿½ï¿½;C1;null;null;OUIPresentSur RS,;UtilisePlus Facebook,UtilisePlus Instagram,,,UtilisePlus Youtube,,,;FaireConnaissance,Suivre Actualite ,Decouverte Cultures,Consultation Page marque,;,,Moyennement Suivi Marque ,,;Oui Important,;iris,brandt,seb;brandt,iris,candor;Samsung,Huawei,,Condor,LG,Brandt,Iris,,Starlight,,ENIEM;OUI je connais condor,;Affichage,,Reseaux Sociaux ,Ami(e)s Famille Proche,;,Non JeNesuisPas Condor ;,,,,;,;;;
[Etude Universitaire] - Impact de la communication Digitale sur la marque ;"Sous le thï¿½ï¿"" La communication Digitale et son impact sur la notoriï¿½ï¿½ï¿½ï¿½ï¿½ï¿½ï¿½"" , un(e) ï¿½ï¿½ï¿½ï¿½ï¿½ï¿½ï¿½ï¿½ï¿½ï¿½ï¿½ï¿½ï¿½ï¿½ï¿½ï¿½ï¿½ï¿½tudiant(e) de l'Ecole des Hautes Etudes Commerciale Kolea lance son sondage pour rï¿½ï¿½ï¿½ï¿½ï¿½ï¿½ï¿½ï¿½ï¿½ï¿½ï¿½ï¿½ï¿½ï¿½ï¿½ï¿½ï¿½ï¿½colter les avis de la communautï¿½ï¿½ï¿½ï¿½ï¿½ï¿½ï¿½ï¿½ï¿½ï¿½ï¿½ï¿½ï¿";false;O2A;QUESTIONNAIRE EN TENANT COMPTE DU CSP;French;admin;6/3/2021, 2:40:31 PM;6/3/2021, 7:30:22 PM;6/10/2021, 9:58:59 PM;BRIM;CYBER PARC STATION 15;SIDI ABDALLAH;enq12;6/6/2021, 8:51:30 PM;5ed96322-6148-4216-9633-4ed7abd6e4ed;adr12;1989;CONSTANTINE PROVINCE;H;MARIE;SALARIE;LICENCE;2;null;36.703552;3.061702;false;false;Technico-commercial;C2;36.703648;3.0614295;OUIPresentSur RS,;UtilisePlus Facebook,,,,UtilisePlus Youtube,,,;,Suivre Actualite ,,,;,Rarement Suivi Marque ,,,;Oui Important,;lg,Samsung ,condor;condor ,iris,enie;Samsung,Huawei,BEKO,Condor,LG,Brandt,Iris,,Starlight,,;OUI je connais condor,;,TV,,,;,Non JeNesuisPas Condor ;,,,,;,;;;j'ai pas de proposition 
[Etude Universitaire] - Impact de la communication Digitale sur la marque ;"Sous le thï¿½ï¿"" La communication Digitale et son impact sur la notoriï¿½ï¿½ï¿½ï¿½ï¿½ï¿½ï¿½"" , un(e) ï¿½ï¿½ï¿½ï¿½ï¿½ï¿½ï¿½ï¿½ï¿½ï¿½ï¿½ï¿½ï¿½ï¿½ï¿½ï¿½ï¿½ï¿½tudiant(e) de l'Ecole des Hautes Etudes Commerciale Kolea lance son sondage pour rï¿½ï¿½ï¿½ï¿½ï¿½ï¿½ï¿½ï¿½ï¿½ï¿½ï¿½ï¿½ï¿½ï¿½ï¿½ï¿½ï¿½ï¿½colter les avis de la communautï¿½ï¿½ï¿½ï¿½ï¿½ï¿½ï¿½ï¿½ï¿½ï¿½ï¿½ï¿½ï¿";false;O2A;QUESTIONNAIRE EN TENANT COMPTE DU CSP;French;admin;6/3/2021, 2:40:31 PM;6/3/2021, 7:30:22 PM;6/10/2021, 9:58:59 PM;BRIM;CYBER PARC STATION 15;SIDI ABDALLAH;enq13;6/3/2021, 7:49:01 PM;8e37b489-ee8f-4715-a437-8f9ba575e590;adr13;1997;WILAYA D'ALGER;F;CELIBATAIRE;ETUDIANT;MASTER_INGENIEUR;1;null;34.884026;-1.3265665;false;false;SANS EMPLOIE;E;31.559011;-2.2365227;OUIPresentSur RS,;,UtilisePlus Instagram,,,UtilisePlus Youtube,,UtilisePlus Snapchat,;,Suivre Actualite ,,,;,,Moyennement Suivi Marque ,,;Oui Important,;lg,beko,gï¿½ï¿½;ýýniýýme ,bms,condor ;Samsung,Huawei,BEKO,Condor,LG,Brandt,Iris,Raylan,Starlight,Stream System,ENIEM;OUI je connais condor,;Affichage,TV,Reseaux Sociaux ,Ami(e)s Famille Proche,;,Non JeNesuisPas Condor ;,,,,;,;;;
[Etude Universitaire] - Impact de la communication Digitale sur la marque ;"Sous le thï¿½ï¿"" La communication Digitale et son impact sur la notoriï¿½ï¿½ï¿½ï¿½ï¿½ï¿½ï¿½"" , un(e) ï¿½ï¿½ï¿½ï¿½ï¿½ï¿½ï¿½ï¿½ï¿½ï¿½ï¿½ï¿½ï¿½ï¿½ï¿½ï¿½ï¿½ï¿½tudiant(e) de l'Ecole des Hautes Etudes Commerciale Kolea lance son sondage pour rï¿½ï¿½ï¿½ï¿½ï¿½ï¿½ï¿½ï¿½ï¿½ï¿½ï¿½ï¿½ï¿½ï¿½ï¿½ï¿½ï¿½ï¿½colter les avis de la communautï¿½ï¿½ï¿½ï¿½ï¿½ï¿½ï¿½ï¿½ï¿½ï¿½ï¿½ï¿½ï¿";false;O2A;QUESTIONNAIRE EN TENANT COMPTE DU CSP;French;admin;6/3/2021, 2:40:31 PM;6/3/2021, 7:30:22 PM;6/10/2021, 9:58:59 PM;BRIM;CYBER PARC STATION 15;SIDI ABDALLAH;enq14;6/3/2021, 7:35:45 PM;adcbc7c5-b4bf-475d-9920-3b2f3d722052;adr14;2001;WILAYA DE TLEMCEN;H;CELIBATAIRE;ETUDIANT;LICENCE;1;null;36.482506;2.820233;false;false;SANS EMPLOIE;E;null;null;OUIPresentSur RS,;UtilisePlus Facebook,UtilisePlus Instagram,UtilisePlus Twitter,,,,,;FaireConnaissance,Suivre Actualite ,,Consultation Page marque,;,,Moyennement Suivi Marque ,,;Oui Important,;LG,Samsung,Gï¿½ï¿½;condor ,Gï¿½ï¿½ï¿½ï¿;Samsung,Huawei,BEKO,Condor,LG,Brandt,Iris,,,,;OUI je connais condor,;,TV,,,;,Non JeNesuisPas Condor ;,,,,;,;;;
[Etude Universitaire] - Impact de la communication Digitale sur la marque ;"Sous le thï¿½ï¿"" La communication Digitale et son impact sur la notoriï¿½ï¿½ï¿½ï¿½ï¿½ï¿½ï¿½"" , un(e) ï¿½ï¿½ï¿½ï¿½ï¿½ï¿½ï¿½ï¿½ï¿½ï¿½ï¿½ï¿½ï¿½ï¿½ï¿½ï¿½ï¿½ï¿½tudiant(e) de l'Ecole des Hautes Etudes Commerciale Kolea lance son sondage pour rï¿½ï¿½ï¿½ï¿½ï¿½ï¿½ï¿½ï¿½ï¿½ï¿½ï¿½ï¿½ï¿½ï¿½ï¿½ï¿½ï¿½ï¿½colter les avis de la communautï¿½ï¿½ï¿½ï¿½ï¿½ï¿½ï¿½ï¿½ï¿½ï¿½ï¿½ï¿½ï¿";false;O2A;QUESTIONNAIRE EN TENANT COMPTE DU CSP;French;admin;6/3/2021, 2:40:31 PM;6/3/2021, 7:30:22 PM;6/10/2021, 9:58:59 PM;BRIM;CYBER PARC STATION 15;SIDI ABDALLAH;enq15;6/3/2021, 7:43:23 PM;3efc70d7-8643-4304-82c1-f523242cbfb8;adr15;1977;WILAYA DE SIDI BEL ABBï¿½;H;DIVORCE;SALARIE;MASTER_INGENIEUR;1;null;36.25579;6.5883784;true;false;Ingï¿½ï¿½ï¿½ï¿½ï¿½ï¿½ï¿½ï¿½ï¿½ï¿½ï;C1;null;null;OUIPresentSur RS,;UtilisePlus Facebook,,UtilisePlus Twitter,,UtilisePlus Youtube,,,;,Suivre Actualite ,Decouverte Cultures,Consultation Page marque,;,,Moyennement Suivi Marque ,,;Oui Important,;pionner dj,data center,Brandt;enie,starsat,geant;Samsung,Huawei,BEKO,Condor,LG,Brandt,Iris,Raylan,Starlight,Stream System,ENIEM;OUI je connais condor,;,,,,les imbï¿½ï¿½ï;,Non JeNesuisPas Condor ;,,,,;,;;;vous etes nulle alors laisser tomber
[Etude Universitaire] - Impact de la communication Digitale sur la marque ;"Sous le thï¿½ï¿"" La communication Digitale et son impact sur la notoriï¿½ï¿½ï¿½ï¿½ï¿½ï¿½ï¿½"" , un(e) ï¿½ï¿½ï¿½ï¿½ï¿½ï¿½ï¿½ï¿½ï¿½ï¿½ï¿½ï¿½ï¿½ï¿½ï¿½ï¿½ï¿½ï¿½tudiant(e) de l'Ecole des Hautes Etudes Commerciale Kolea lance son sondage pour rï¿½ï¿½ï¿½ï¿½ï¿½ï¿½ï¿½ï¿½ï¿½ï¿½ï¿½ï¿½ï¿½ï¿½ï¿½ï¿½ï¿½ï¿½colter les avis de la communautï¿½ï¿½ï¿½ï¿½ï¿½ï¿½ï¿½ï¿½ï¿½ï¿½ï¿½ï¿½ï¿";false;O2A;QUESTIONNAIRE EN TENANT COMPTE DU CSP;French;admin;6/3/2021, 2:40:31 PM;6/3/2021, 7:30:22 PM;6/10/2021, 9:58:59 PM;BRIM;CYBER PARC STATION 15;SIDI ABDALLAH;enq16;6/9/2021, 1:11:15 AM;314d85a6-ba8d-4687-ae54-36cc2c30b388;adr16;1998;WILAYA DE SIDI BEL ABBï¿½;F;CELIBATAIRE;ETUDIANT;MASTER_INGENIEUR;2;null;36.679455;2.8986623;false;false;SANS EMPLOIE;E;36.48097;2.806085;OUIPresentSur RS,;UtilisePlus Facebook,UtilisePlus Instagram,,,,UtilisePlus Tiktok,,;,Suivre Actualite ,,,;,,,Souvent Suivi Marque ,;Oui Important,;Brandt ,condor,molinex;condor,enie,iris;Samsung,Huawei,BEKO,Condor,LG,Brandt,Iris,,Starlight,Stream System,ENIEM;OUI je connais condor,;,TV,,,;,Non JeNesuisPas Condor ;,,,,;,;;;
[Etude Universitaire] - Impact de la communication Digitale sur la marque ;"Sous le thï¿½ï¿"" La communication Digitale et son impact sur la notoriï¿½ï¿½ï¿½ï¿½ï¿½ï¿½ï¿½"" , un(e) ï¿½ï¿½ï¿½ï¿½ï¿½ï¿½ï¿½ï¿½ï¿½ï¿½ï¿½ï¿½ï¿½ï¿½ï¿½ï¿½ï¿½ï¿½tudiant(e) de l'Ecole des Hautes Etudes Commerciale Kolea lance son sondage pour rï¿½ï¿½ï¿½ï¿½ï¿½ï¿½ï¿½ï¿½ï¿½ï¿½ï¿½ï¿½ï¿½ï¿½ï¿½ï¿½ï¿½ï¿½colter les avis de la communautï¿½ï¿½ï¿½ï¿½ï¿½ï¿½ï¿½ï¿½ï¿½ï¿½ï¿½ï¿½ï¿";false;O2A;QUESTIONNAIRE EN TENANT COMPTE DU CSP;French;admin;6/3/2021, 2:40:31 PM;6/3/2021, 7:30:22 PM;6/10/2021, 9:58:59 PM;BRIM;CYBER PARC STATION 15;SIDI ABDALLAH;enq17;6/3/2021, 9:04:18 PM;24ff6767-6109-4f7f-9062-b936627da0e5;adr17;1998;WILAYA DE Bï¿½ï¿½ï;F;CELIBATAIRE;ETUDIANT;MASTER_INGENIEUR;1;null;36.62165;4.4744525;false;false;SANS EMPLOIE;E;null;null;OUIPresentSur RS,;UtilisePlus Facebook,UtilisePlus Instagram,,UtilisePlus Likendin,,,,;FaireConnaissance,Suivre Actualite ,Decouverte Cultures,Consultation Page marque,;,,Moyennement Suivi Marque ,,;Oui Important,;conodor,iris ,brand;condor,condor ,iris;Samsung,Huawei,,Condor,LG,Brandt,Iris,,Starlight,Stream System,ENIEM;OUI je connais condor,;,TV,Reseaux Sociaux ,,;Oui je suis Condor,;Facebook,,,,;Oui J ai decouvert,;le robot mixeur;Moyenne;partager un contenu qui intï¿½ï¿½ï¿½ï¿½ï¿½ï¿½ï¿½ï¿½ï¿½ï¿½ï¿½ï¿½ï¿½ï¿½ï¿½ï¿½ï¿½ï¿½resse ces utilisateurs, amï¿½ï¿½ï¿½ï¿½ï¿½ï¿½ï¿½ï¿½ï¿½ï¿½ï¿½ï¿½ï¿½ï¿½ï¿½
[Etude Universitaire] - Impact de la communication Digitale sur la marque ;"Sous le thï¿½ï¿"" La communication Digitale et son impact sur la notoriï¿½ï¿½ï¿½ï¿½ï¿½ï¿½ï¿½"" , un(e) ï¿½ï¿½ï¿½ï¿½ï¿½ï¿½ï¿½ï¿½ï¿½ï¿½ï¿½ï¿½ï¿½ï¿½ï¿½ï¿½ï¿½ï¿½tudiant(e) de l'Ecole des Hautes Etudes Commerciale Kolea lance son sondage pour rï¿½ï¿½ï¿½ï¿½ï¿½ï¿½ï¿½ï¿½ï¿½ï¿½ï¿½ï¿½ï¿½ï¿½ï¿½ï¿½ï¿½ï¿½colter les avis de la communautï¿½ï¿½ï¿½ï¿½ï¿½ï¿½ï¿½ï¿½ï¿½ï¿½ï¿½ï¿½ï¿";false;O2A;QUESTIONNAIRE EN TENANT COMPTE DU CSP;French;admin;6/3/2021, 2:40:31 PM;6/3/2021, 7:30:22 PM;6/10/2021, 9:58:59 PM;BRIM;CYBER PARC STATION 15;SIDI ABDALLAH;enq18;6/3/2021, 8:34:05 PM;a471bb7c-070b-4ce1-b8aa-5a0a64c8b23d;adr18;1988;WILAYA D'ALGER;F;CELIBATAIRE;CHEF_ENTREPRISE;LICENCE;4;null;36.786617;2.9007583;false;false;AUTRE A PRECISER;E;null;null;OUIPresentSur RS,;UtilisePlus Facebook,UtilisePlus Instagram,,,UtilisePlus Youtube,,,;,Suivre Actualite ,,,;,,Moyennement Suivi Marque ,,;Oui Important,;samsung,Sony ,lg;condor,starlight,enie;Samsung,Huawei,BEKO,Condor,LG,Brandt,Iris,Raylan,Starlight,Stream System,ENIEM;OUI je connais condor,;,,,Ami(e)s Famille Proche,;,Non JeNesuisPas Condor ;,,,,;,;;;
[Etude Universitaire] - Impact de la communication Digitale sur la marque ;"Sous le thï¿½ï¿"" La communication Digitale et son impact sur la notoriï¿½ï¿½ï¿½ï¿½ï¿½ï¿½ï¿½"" , un(e) ï¿½ï¿½ï¿½ï¿½ï¿½ï¿½ï¿½ï¿½ï¿½ï¿½ï¿½ï¿½ï¿½ï¿½ï¿½ï¿½ï¿½ï¿½tudiant(e) de l'Ecole des Hautes Etudes Commerciale Kolea lance son sondage pour rï¿½ï¿½ï¿½ï¿½ï¿½ï¿½ï¿½ï¿½ï¿½ï¿½ï¿½ï¿½ï¿½ï¿½ï¿½ï¿½ï¿½ï¿½colter les avis de la communautï¿½ï¿½ï¿½ï¿½ï¿½ï¿½ï¿½ï¿½ï¿½ï¿½ï¿½ï¿½ï¿";false;O2A;QUESTIONNAIRE EN TENANT COMPTE DU CSP;French;admin;6/3/2021, 2:40:31 PM;6/3/2021, 7:30:22 PM;6/10/2021, 9:58:59 PM;BRIM;CYBER PARC STATION 15;SIDI ABDALLAH;enq19;6/3/2021, 7:34:48 PM;14996385-25cc-4f55-90f3-57fbe20390cd;adr19;1988;WILAYA DE TLEMCEN;H;MARIE;SALARIE;FORMATION_PROF;1;null;34.881413;-1.3122537;false;false;Technicien  des ventes;C2;null;null;OUIPresentSur RS,;UtilisePlus Facebook,UtilisePlus Instagram,,UtilisePlus Likendin,,,,;FaireConnaissance,Suivre Actualite ,Decouverte Cultures,,;,,Moyennement Suivi Marque ,,;Oui Important,;Samsung ,Brandt,iris;brandt,condor,iris;Samsung,Huawei,BEKO,Condor,LG,Brandt,Iris,,,,;OUI je connais condor,;,,,,je possï¿½ï¿½ï¿½ï¿½ï¿½ï¿½ï¿½ï¿½ï¿½;Oui je suis Condor,;Facebook,,Instagram,,;Oui J ai decouvert,;smartphone ;Moyenne;afficher vos prix
[Etude Universitaire] - Impact de la communication Digitale sur la marque ;"Sous le thï¿½ï¿"" La communication Digitale et son impact sur la notoriï¿½ï¿½ï¿½ï¿½ï¿½ï¿½ï¿½"" , un(e) ï¿½ï¿½ï¿½ï¿½ï¿½ï¿½ï¿½ï¿½ï¿½ï¿½ï¿½ï¿½ï¿½ï¿½ï¿½ï¿½ï¿½ï¿½tudiant(e) de l'Ecole des Hautes Etudes Commerciale Kolea lance son sondage pour rï¿½ï¿½ï¿½ï¿½ï¿½ï¿½ï¿½ï¿½ï¿½ï¿½ï¿½ï¿½ï¿½ï¿½ï¿½ï¿½ï¿½ï¿½colter les avis de la communautï¿½ï¿½ï¿½ï¿½ï¿½ï¿½ï¿½ï¿½ï¿½ï¿½ï¿½ï¿½ï¿";false;O2A;QUESTIONNAIRE EN TENANT COMPTE DU CSP;French;admin;6/3/2021, 2:40:31 PM;6/3/2021, 7:30:22 PM;6/10/2021, 9:58:59 PM;BRIM;CYBER PARC STATION 15;SIDI ABDALLAH;enq20;6/7/2021, 9:20:17 PM;8f0a9c9b-81ec-402b-8b47-11b17bf9dac8;adr20;1988;TIZI OUZOU PROVINCE;H;CELIBATAIRE;SALARIE;MASTER_INGENIEUR;1;null;35.578007;7.3430476;false;true;Chargï¿½ï¿½ï¿½ï¿½ï¿½ï¿½ï¿½ï¿½ï;C2;35.570957;7.3470984;OUIPresentSur RS,;UtilisePlus Facebook,,,UtilisePlus Likendin,UtilisePlus Youtube,,,;FaireConnaissance,Suivre Actualite ,Decouverte Cultures,Consultation Page marque,;,,,Souvent Suivi Marque ,;Oui Important,;huawei,condor,xomi;condor,iris,samsung;Samsung,Huawei,,Condor,LG,,Iris,,,Stream System,;OUI je connais condor,;,,Reseaux Sociaux ,,;Oui je suis Condor,;Facebook,,,,;Oui J ai decouvert,;condor p6 pro;Forte ;
[Etude Universitaire] - Impact de la communication Digitale sur la marque ;"Sous le thï¿½ï¿"" La communication Digitale et son impact sur la notoriï¿½ï¿½ï¿½ï¿½ï¿½ï¿½ï¿½"" , un(e) ï¿½ï¿½ï¿½ï¿½ï¿½ï¿½ï¿½ï¿½ï¿½ï¿½ï¿½ï¿½ï¿½ï¿½ï¿½ï¿½ï¿½ï¿½tudiant(e) de l'Ecole des Hautes Etudes Commerciale Kolea lance son sondage pour rï¿½ï¿½ï¿½ï¿½ï¿½ï¿½ï¿½ï¿½ï¿½ï¿½ï¿½ï¿½ï¿½ï¿½ï¿½ï¿½ï¿½ï¿½colter les avis de la communautï¿½ï¿½ï¿½ï¿½ï¿½ï¿½ï¿½ï¿½ï¿½ï¿½ï¿½ï¿½ï¿";false;O2A;QUESTIONNAIRE EN TENANT COMPTE DU CSP;French;admin;6/3/2021, 2:40:31 PM;6/3/2021, 7:30:22 PM;6/10/2021, 9:58:59 PM;BRIM;CYBER PARC STATION 15;SIDI ABDALLAH;enq21;6/7/2021, 10:07:26 PM;6d4defa3-0ce6-4cf1-a51a-df1b91b3e23e;adr21;1986;WILAYA DE BORDJ BOU ARRERIDJ;H;CELIBATAIRE;SALARIE;MASTER_INGENIEUR;3;null;36.889038;7.732816;false;false;Chargï¿½ï¿½ï¿½ï¿½ï¿½ï¿½ï;C1;36.88903;7.7326994;OUIPresentSur RS,;UtilisePlus Facebook,UtilisePlus Instagram,,UtilisePlus Likendin,,,,;,Suivre Actualite ,,Consultation Page marque,;,,,Souvent Suivi Marque ,;Oui Important,;iris,brand,condor ;eniem,cobra,stream;Samsung,Huawei,BEKO,Condor,LG,Brandt,Iris,Raylan,Starlight,Stream System,ENIEM;OUI je connais condor,;,TV,Reseaux Sociaux ,,;,Non JeNesuisPas Condor ;,,,,;,;;;
[Etude Universitaire] - Impact de la communication Digitale sur la marque ;"Sous le thï¿½ï¿"" La communication Digitale et son impact sur la notoriï¿½ï¿½ï¿½ï¿½ï¿½ï¿½ï¿½"" , un(e) ï¿½ï¿½ï¿½ï¿½ï¿½ï¿½ï¿½ï¿½ï¿½ï¿½ï¿½ï¿½ï¿½ï¿½ï¿½ï¿½ï¿½ï¿½tudiant(e) de l'Ecole des Hautes Etudes Commerciale Kolea lance son sondage pour rï¿½ï¿½ï¿½ï¿½ï¿½ï¿½ï¿½ï¿½ï¿½ï¿½ï¿½ï¿½ï¿½ï¿½ï¿½ï¿½ï¿½ï¿½colter les avis de la communautï¿½ï¿½ï¿½ï¿½ï¿½ï¿½ï¿½ï¿½ï¿½ï¿½ï¿½ï¿½ï¿";false;O2A;QUESTIONNAIRE EN TENANT COMPTE DU CSP;French;admin;6/3/2021, 2:40:31 PM;6/3/2021, 7:30:22 PM;6/10/2021, 9:58:59 PM;BRIM;CYBER PARC STATION 15;SIDI ABDALLAH;enq22;6/7/2021, 9:31:12 PM;ddd6aa02-47cb-4620-8b8d-d247e896ec0f;adr22;1990;TLEMCEN PROVINCE;F;MARIE;SALARIE;MASTER_INGENIEUR;1;null;36.259937;3.02112;false;true;Enseignant;C1;36.261753;3.0246086;OUIPresentSur RS,;UtilisePlus Facebook,UtilisePlus Instagram,,,UtilisePlus Youtube,,,;,Suivre Actualite ,Decouverte Cultures,Consultation Page marque,;,,,,Tres Souvent Suivi Marque ;Oui Important,;brandt,condor,iris;condor,iris,brandt;Samsung,Huawei,BEKO,Condor,LG,Brandt,Iris,Raylan,Starlight,Stream System,ENIEM;OUI je connais condor,;,TV,Reseaux Sociaux ,,;Oui je suis Condor,;Facebook,,,,;Oui J ai decouvert,;climatiseur;Forte ;non
[Etude Universitaire] - Impact de la communication Digitale sur la marque ;"Sous le thï¿½ï¿"" La communication Digitale et son impact sur la notoriï¿½ï¿½ï¿½ï¿½ï¿½ï¿½ï¿½"" , un(e) ï¿½ï¿½ï¿½ï¿½ï¿½ï¿½ï¿½ï¿½ï¿½ï¿½ï¿½ï¿½ï¿½ï¿½ï¿½ï¿½ï¿½ï¿½tudiant(e) de l'Ecole des Hautes Etudes Commerciale Kolea lance son sondage pour rï¿½ï¿½ï¿½ï¿½ï¿½ï¿½ï¿½ï¿½ï¿½ï¿½ï¿½ï¿½ï¿½ï¿½ï¿½ï¿½ï¿½ï¿½colter les avis de la communautï¿½ï¿½ï¿½ï¿½ï¿½ï¿½ï¿½ï¿½ï¿½ï¿½ï¿½ï¿½ï¿";false;O2A;QUESTIONNAIRE EN TENANT COMPTE DU CSP;French;admin;6/3/2021, 2:40:31 PM;6/3/2021, 7:30:22 PM;6/10/2021, 9:58:59 PM;BRIM;CYBER PARC STATION 15;SIDI ABDALLAH;enq23;6/4/2021, 2:24:59 PM;234e8da4-f246-4e37-816b-b5b425a9fb17;adr23;1977;TIPAZA PROVINCE;F;MARIE;SALARIE;LICENCE;3;null;35.72442;-0.5748206;false;false;Inspecteur;C1;35.715206;-0.6043948;OUIPresentSur RS,;UtilisePlus Facebook,UtilisePlus Instagram,,,,,UtilisePlus Snapchat,;,Suivre Actualite ,Decouverte Cultures,,;,,Moyennement Suivi Marque ,,;Oui Important,;samsung,wirpool,condor;condor,iris,kiowa;Samsung,,,Condor,LG,,,,,,;OUI je connais condor,;,TV,,,;Oui je suis Condor,;Facebook,,,,;Oui J ai decouvert,;television;Moyenne;faire des promotins
[Etude Universitaire] - Impact de la communication Digitale sur la marque ;"Sous le thï¿½ï¿"" La communication Digitale et son impact sur la notoriï¿½ï¿½ï¿½ï¿½ï¿½ï¿½ï¿½"" , un(e) ï¿½ï¿½ï¿½ï¿½ï¿½ï¿½ï¿½ï¿½ï¿½ï¿½ï¿½ï¿½ï¿½ï¿½ï¿½ï¿½ï¿½ï¿½tudiant(e) de l'Ecole des Hautes Etudes Commerciale Kolea lance son sondage pour rï¿½ï¿½ï¿½ï¿½ï¿½ï¿½ï¿½ï¿½ï¿½ï¿½ï¿½ï¿½ï¿½ï¿½ï¿½ï¿½ï¿½ï¿½colter les avis de la communautï¿½ï¿½ï¿½ï¿½ï¿½ï¿½ï¿½ï¿½ï¿½ï¿½ï¿½ï¿½ï¿";false;O2A;QUESTIONNAIRE EN TENANT COMPTE DU CSP;French;admin;6/3/2021, 2:40:31 PM;6/3/2021, 7:30:22 PM;6/10/2021, 9:58:59 PM;BRIM;CYBER PARC STATION 15;SIDI ABDALLAH;enq24;6/3/2021, 8:27:12 PM;84f56959-e981-4e14-8bb1-518e4fcbe51f;adr24;1998;WILAYA DE Sï¿½ï¿;F;CELIBATAIRE;ETUDIANT;MASTER_INGENIEUR;1;null;36.733585;2.9557981;false;true;SANS EMPLOIE;E;36.73356;2.9558167;OUIPresentSur RS,;UtilisePlus Facebook,UtilisePlus Instagram,,,UtilisePlus Youtube,,,;,Suivre Actualite ,,,;,,,Souvent Suivi Marque ,;Oui Important,;LG,Condor ,Beko;Iris ,Condor ,starlight;Samsung,Huawei,BEKO,Condor,LG,Brandt,Iris,Raylan,Starlight,,ENIEM;OUI je connais condor,;Affichage,TV,,,;,Non JeNesuisPas Condor ;,,,,;,;;;
[Etude Universitaire] - Impact de la communication Digitale sur la marque ;"Sous le thï¿½ï¿"" La communication Digitale et son impact sur la notoriï¿½ï¿½ï¿½ï¿½ï¿½ï¿½ï¿½"" , un(e) ï¿½ï¿½ï¿½ï¿½ï¿½ï¿½ï¿½ï¿½ï¿½ï¿½ï¿½ï¿½ï¿½ï¿½ï¿½ï¿½ï¿½ï¿½tudiant(e) de l'Ecole des Hautes Etudes Commerciale Kolea lance son sondage pour rï¿½ï¿½ï¿½ï¿½ï¿½ï¿½ï¿½ï¿½ï¿½ï¿½ï¿½ï¿½ï¿½ï¿½ï¿½ï¿½ï¿½ï¿½colter les avis de la communautï¿½ï¿½ï¿½ï¿½ï¿½ï¿½ï¿½ï¿½ï¿½ï¿½ï¿½ï¿½ï¿";false;O2A;QUESTIONNAIRE EN TENANT COMPTE DU CSP;French;admin;6/3/2021, 2:40:31 PM;6/3/2021, 7:30:22 PM;6/10/2021, 9:58:59 PM;BRIM;CYBER PARC STATION 15;SIDI ABDALLAH;enq25;6/6/2021, 11:34:02 PM;65b9e68b-343c-40e4-a1d0-dbcc8b560500;adr25;1990;WILAYA DE TLEMCEN;F;MARIE;SALARIE;MASTER_INGENIEUR;3;null;36.525627;4.240993;false;false;AUTRE A PRECISER;E;36.525215;4.238392;OUIPresentSur RS,;UtilisePlus Facebook,UtilisePlus Instagram,,,UtilisePlus Youtube,,,;,Suivre Actualite ,,,;,,Moyennement Suivi Marque ,,;Oui Important,;Samsung,LG,condor;condor,Iris,ENIEM;Samsung,Huawei,,Condor,LG,,Iris,Raylan,Starlight,,ENIEM;OUI je connais condor,;,TV,Reseaux Sociaux ,,;Oui je suis Condor,;Facebook,,,,;Oui J ai decouvert,;tï¿½ï¿½ï¿½ï¿½ï¿½ï¿½ï¿½;Faible ;faire des annonces sur youtube
[Etude Universitaire] - Impact de la communication Digitale sur la marque ;"Sous le thï¿½ï¿"" La communication Digitale et son impact sur la notoriï¿½ï¿½ï¿½ï¿½ï¿½ï¿½ï¿½"" , un(e) ï¿½ï¿½ï¿½ï¿½ï¿½ï¿½ï¿½ï¿½ï¿½ï¿½ï¿½ï¿½ï¿½ï¿½ï¿½ï¿½ï¿½ï¿½tudiant(e) de l'Ecole des Hautes Etudes Commerciale Kolea lance son sondage pour rï¿½ï¿½ï¿½ï¿½ï¿½ï¿½ï¿½ï¿½ï¿½ï¿½ï¿½ï¿½ï¿½ï¿½ï¿½ï¿½ï¿½ï¿½colter les avis de la communautï¿½ï¿½ï¿½ï¿½ï¿½ï¿½ï¿½ï¿½ï¿½ï¿½ï¿½ï¿½ï¿";false;O2A;QUESTIONNAIRE EN TENANT COMPTE DU CSP;French;admin;6/3/2021, 2:40:31 PM;6/3/2021, 7:30:22 PM;6/10/2021, 9:58:59 PM;BRIM;CYBER PARC STATION 15;SIDI ABDALLAH;enq26;6/9/2021, 1:41:20 PM;6c1aa0d7-896f-406c-aa8d-1332addce01f;adr26;1990;WILAYA DE SIDI BEL ABBï¿½;F;CELIBATAIRE;SANS_EMPLOIE;LICENCE;1;null;36.189213;5.4086156;false;false;SANS EMPLOIE;E;36.189274;5.4087367;OUIPresentSur RS,;UtilisePlus Facebook,UtilisePlus Instagram,,,UtilisePlus Youtube,,,;,Suivre Actualite ,,Consultation Page marque,;,,,,Tres Souvent Suivi Marque ;Oui Important,;Braun,Philips,LG;Condor,Iris,Brandt;Samsung,,BEKO,,LG,Brandt,Iris,,,,ENIEM;OUI je connais condor,;Affichage,TV,Reseaux Sociaux ,,;,Non JeNesuisPas Condor ;,,,,;,;;;
[Etude Universitaire] - Impact de la communication Digitale sur la marque ;"Sous le thï¿½ï¿"" La communication Digitale et son impact sur la notoriï¿½ï¿½ï¿½ï¿½ï¿½ï¿½ï¿½"" , un(e) ï¿½ï¿½ï¿½ï¿½ï¿½ï¿½ï¿½ï¿½ï¿½ï¿½ï¿½ï¿½ï¿½ï¿½ï¿½ï¿½ï¿½ï¿½tudiant(e) de l'Ecole des Hautes Etudes Commerciale Kolea lance son sondage pour rï¿½ï¿½ï¿½ï¿½ï¿½ï¿½ï¿½ï¿½ï¿½ï¿½ï¿½ï¿½ï¿½ï¿½ï¿½ï¿½ï¿½ï¿½colter les avis de la communautï¿½ï¿½ï¿½ï¿½ï¿½ï¿½ï¿½ï¿½ï¿½ï¿½ï¿½ï¿½ï¿";false;O2A;QUESTIONNAIRE EN TENANT COMPTE DU CSP;French;admin;6/3/2021, 2:40:31 PM;6/3/2021, 7:30:22 PM;6/10/2021, 9:58:59 PM;BRIM;CYBER PARC STATION 15;SIDI ABDALLAH;enq27;6/3/2021, 7:35:52 PM;6ae26bcc-3622-4265-b15a-88df585bd837;adr27;1991;TIPAZA PROVINCE;F;CELIBATAIRE;SALARIE;MASTER_INGENIEUR;1;null;-6.948704;106.943794;false;true;AUTRE A PRECISER;E;null;null;OUIPresentSur RS,;UtilisePlus Facebook,UtilisePlus Instagram,,UtilisePlus Likendin,,,,;,Suivre Actualite ,,,;,,Moyennement Suivi Marque ,,;Oui Important,;lg,enie,condor;enie,eris,condor;Samsung,Huawei,BEKO,Condor,LG,Brandt,Iris,,Starlight,,;OUI je connais condor,;,,Reseaux Sociaux ,,;,Non JeNesuisPas Condor ;,,,,;,;;;
[Etude Universitaire] - Impact de la communication Digitale sur la marque ;"Sous le thï¿½ï¿"" La communication Digitale et son impact sur la notoriï¿½ï¿½ï¿½ï¿½ï¿½ï¿½ï¿½"" , un(e) ï¿½ï¿½ï¿½ï¿½ï¿½ï¿½ï¿½ï¿½ï¿½ï¿½ï¿½ï¿½ï¿½ï¿½ï¿½ï¿½ï¿½ï¿½tudiant(e) de l'Ecole des Hautes Etudes Commerciale Kolea lance son sondage pour rï¿½ï¿½ï¿½ï¿½ï¿½ï¿½ï¿½ï¿½ï¿½ï¿½ï¿½ï¿½ï¿½ï¿½ï¿½ï¿½ï¿½ï¿½colter les avis de la communautï¿½ï¿½ï¿½ï¿½ï¿½ï¿½ï¿½ï¿½ï¿½ï¿½ï¿½ï¿½ï¿";false;O2A;QUESTIONNAIRE EN TENANT COMPTE DU CSP;French;admin;6/3/2021, 2:40:31 PM;6/3/2021, 7:30:22 PM;6/10/2021, 9:58:59 PM;BRIM;CYBER PARC STATION 15;SIDI ABDALLAH;enq28;6/3/2021, 8:14:11 PM;09af6417-c1ba-4b43-95b9-d307fcd21b57;adr28;1984;WILAYA D'ANNABA;H;MARIE;SALARIE;FORMATION_PROF;1;null;36.726074;3.0468469;false;false;AUTRE A PRECISER;E;null;null;OUIPresentSur RS,;UtilisePlus Facebook,,,UtilisePlus Likendin,UtilisePlus Youtube,,,;,Suivre Actualite ,,,;,Rarement Suivi Marque ,,,;Oui Important,;Samsung,LG,Whirlpool;Iris,gï¿½ï¿½ï¿½ï¿;Samsung,Huawei,BEKO,Condor,LG,Brandt,Iris,,Starlight,Stream System,ENIEM;OUI je connais condor,;,,Reseaux Sociaux ,,;,Non JeNesuisPas Condor ;,,,,;,;;;sponsoriser les publications
[Etude Universitaire] - Impact de la communication Digitale sur la marque ;"Sous le thï¿½ï¿"" La communication Digitale et son impact sur la notoriï¿½ï¿½ï¿½ï¿½ï¿½ï¿½ï¿½"" , un(e) ï¿½ï¿½ï¿½ï¿½ï¿½ï¿½ï¿½ï¿½ï¿½ï¿½ï¿½ï¿½ï¿½ï¿½ï¿½ï¿½ï¿½ï¿½tudiant(e) de l'Ecole des Hautes Etudes Commerciale Kolea lance son sondage pour rï¿½ï¿½ï¿½ï¿½ï¿½ï¿½ï¿½ï¿½ï¿½ï¿½ï¿½ï¿½ï¿½ï¿½ï¿½ï¿½ï¿½ï¿½colter les avis de la communautï¿½ï¿½ï¿½ï¿½ï¿½ï¿½ï¿½ï¿½ï¿½ï¿½ï¿½ï¿½ï¿";false;O2A;QUESTIONNAIRE EN TENANT COMPTE DU CSP;French;admin;6/3/2021, 2:40:31 PM;6/3/2021, 7:30:22 PM;6/10/2021, 9:58:59 PM;BRIM;CYBER PARC STATION 15;SIDI ABDALLAH;enq29;6/3/2021, 7:41:44 PM;e9ea6eed-be7d-4009-b8f1-32fa82e8dddc;adr29;1977;WILAYA D'ALGER;H;MARIE;RETRAITE;FORMATION_PROF;3;null;36.694756;4.0463223;false;false;SANS EMPLOIE;E;null;null;OUIPresentSur RS,;UtilisePlus Facebook,UtilisePlus Instagram,UtilisePlus Twitter,,,,,;FaireConnaissance,Suivre Actualite ,Decouverte Cultures,Consultation Page marque,;,Rarement Suivi Marque ,,,;Oui Important,;sonny,LG,Samsung ;eniem,eni,star light;Samsung,,,,LG,Brandt,,,Starlight,,ENIEM;OUI je connais condor,;Affichage,,,,;,Non JeNesuisPas Condor ;,,,,;,;;;proposer de la bonne qualitï¿½ï¿½ï¿½ï¿½ï¿½ï¿½ï¿½ï
[Etude Universitaire] - Impact de la communication Digitale sur la marque ;"Sous le thï¿½ï¿"" La communication Digitale et son impact sur la notoriï¿½ï¿½ï¿½ï¿½ï¿½ï¿½ï¿½"" , un(e) ï¿½ï¿½ï¿½ï¿½ï¿½ï¿½ï¿½ï¿½ï¿½ï¿½ï¿½ï¿½ï¿½ï¿½ï¿½ï¿½ï¿½ï¿½tudiant(e) de l'Ecole des Hautes Etudes Commerciale Kolea lance son sondage pour rï¿½ï¿½ï¿½ï¿½ï¿½ï¿½ï¿½ï¿½ï¿½ï¿½ï¿½ï¿½ï¿½ï¿½ï¿½ï¿½ï¿½ï¿½colter les avis de la communautï¿½ï¿½ï¿½ï¿½ï¿½ï¿½ï¿½ï¿½ï¿½ï¿½ï¿½ï¿½ï¿";false;O2A;QUESTIONNAIRE EN TENANT COMPTE DU CSP;French;admin;6/3/2021, 2:40:31 PM;6/3/2021, 7:30:22 PM;6/10/2021, 9:58:59 PM;BRIM;CYBER PARC STATION 15;SIDI ABDALLAH;enq30;6/3/2021, 7:45:17 PM;acc39520-a643-46e6-82c6-f4fc13dced4e;adr30;1982;WILAYA D'ALGER;H;MARIE;SALARIE;SECONDAIRE;1;null;36.16301;3.7068644;false;true;Administrateur;C1;null;null;OUIPresentSur RS,;UtilisePlus Facebook,UtilisePlus Instagram,UtilisePlus Twitter,,,,,;,Suivre Actualite ,,Consultation Page marque,;,,Moyennement Suivi Marque ,,;Oui Important,;samsung,lg,condor;condor,brandt,iris;Samsung,,,,LG,Brandt,,,,,;,NonJe ne connais pas Condor;,,,,;,;,,,,;,;;;
[Etude Universitaire] - Impact de la communication Digitale sur la marque ;"Sous le thï¿½ï¿"" La communication Digitale et son impact sur la notoriï¿½ï¿½ï¿½ï¿½ï¿½ï¿½ï¿½"" , un(e) ï¿½ï¿½ï¿½ï¿½ï¿½ï¿½ï¿½ï¿½ï¿½ï¿½ï¿½ï¿½ï¿½ï¿½ï¿½ï¿½ï¿½ï¿½tudiant(e) de l'Ecole des Hautes Etudes Commerciale Kolea lance son sondage pour rï¿½ï¿½ï¿½ï¿½ï¿½ï¿½ï¿½ï¿½ï¿½ï¿½ï¿½ï¿½ï¿½ï¿½ï¿½ï¿½ï¿½ï¿½colter les avis de la communautï¿½ï¿½ï¿½ï¿½ï¿½ï¿½ï¿½ï¿½ï¿½ï¿½ï¿½ï¿½ï¿";false;O2A;QUESTIONNAIRE EN TENANT COMPTE DU CSP;French;admin;6/3/2021, 2:40:31 PM;6/3/2021, 7:30:22 PM;6/10/2021, 9:58:59 PM;BRIM;CYBER PARC STATION 15;SIDI ABDALLAH;enq31;6/7/2021, 9:08:20 PM;6b3670f1-5ad8-4d3e-8a62-93e377b20caa;adr31;1999;WILAYA DE BORDJ BOU ARRERIDJ;F;CELIBATAIRE;ETUDIANT;LICENCE;1;null;36.083397;4.7661524;false;true;SANS EMPLOIE;E;36.083355;4.76623;OUIPresentSur RS,;,UtilisePlus Instagram,,,,,,;,Suivre Actualite ,Decouverte Cultures,,;,,,Souvent Suivi Marque ,;Oui Important,;condor ,crostor,samsung;condor ,cristor,gï¿½ï¿½;Samsung,,,Condor,LG,Brandt,Iris,,Starlight,,;OUI je connais condor,;Affichage,,,Ami(e)s Famille Proche,;,Non JeNesuisPas Condor ;,,,,;,;;;
[Etude Universitaire] - Impact de la communication Digitale sur la marque ;"Sous le thï¿½ï¿"" La communication Digitale et son impact sur la notoriï¿½ï¿½ï¿½ï¿½ï¿½ï¿½ï¿½"" , un(e) ï¿½ï¿½ï¿½ï¿½ï¿½ï¿½ï¿½ï¿½ï¿½ï¿½ï¿½ï¿½ï¿½ï¿½ï¿½ï¿½ï¿½ï¿½tudiant(e) de l'Ecole des Hautes Etudes Commerciale Kolea lance son sondage pour rï¿½ï¿½ï¿½ï¿½ï¿½ï¿½ï¿½ï¿½ï¿½ï¿½ï¿½ï¿½ï¿½ï¿½ï¿½ï¿½ï¿½ï¿½colter les avis de la communautï¿½ï¿½ï¿½ï¿½ï¿½ï¿½ï¿½ï¿½ï¿½ï¿½ï¿½ï¿½ï¿";false;O2A;QUESTIONNAIRE EN TENANT COMPTE DU CSP;French;admin;6/3/2021, 2:40:31 PM;6/3/2021, 7:30:22 PM;6/10/2021, 9:58:59 PM;BRIM;CYBER PARC STATION 15;SIDI ABDALLAH;enq32;6/3/2021, 7:55:24 PM;786d53c4-62cb-434f-b352-ae840344c581;adr32;1984;WILAYA DE BOUIRA;H;MARIE;SALARIE;MASTER_INGENIEUR;4;null;36.79401;2.9072635;false;false;Ingï¿½ï¿½ï¿½ï¿½ï¿½ï¿½ï¿;C2;null;null;OUIPresentSur RS,;UtilisePlus Facebook,,,UtilisePlus Likendin,UtilisePlus Youtube,,,;,Suivre Actualite ,Decouverte Cultures,Consultation Page marque,;,,,,Tres Souvent Suivi Marque ;Oui Important,;IRIS ,condor,stream;IRIS ,condors,stream ;Samsung,Huawei,BEKO,Condor,LG,Brandt,Iris,Raylan,Starlight,Stream System,ENIEM;OUI je connais condor,;,,,,vendeur ï¿½ï¿½ï¿½ï¿½ï¿½ï¿;Oui je suis Condor,;Facebook,,,Linkedin,;Oui J ai decouvert,;climatiseur ;Trï¿½ï¿½ï¿½;tombola avec condition de partage 
[Etude Universitaire] - Impact de la communication Digitale sur la marque ;"Sous le thï¿½ï¿"" La communication Digitale et son impact sur la notoriï¿½ï¿½ï¿½ï¿½ï¿½ï¿½ï¿½"" , un(e) ï¿½ï¿½ï¿½ï¿½ï¿½ï¿½ï¿½ï¿½ï¿½ï¿½ï¿½ï¿½ï¿½ï¿½ï¿½ï¿½ï¿½ï¿½tudiant(e) de l'Ecole des Hautes Etudes Commerciale Kolea lance son sondage pour rï¿½ï¿½ï¿½ï¿½ï¿½ï¿½ï¿½ï¿½ï¿½ï¿½ï¿½ï¿½ï¿½ï¿½ï¿½ï¿½ï¿½ï¿½colter les avis de la communautï¿½ï¿½ï¿½ï¿½ï¿½ï¿½ï¿½ï¿½ï¿½ï¿½ï¿½ï¿½ï¿";false;O2A;QUESTIONNAIRE EN TENANT COMPTE DU CSP;French;admin;6/3/2021, 2:40:31 PM;6/3/2021, 7:30:22 PM;6/10/2021, 9:58:59 PM;BRIM;CYBER PARC STATION 15;SIDI ABDALLAH;enq33;6/3/2021, 7:37:59 PM;bde930b9-9080-465d-8ad1-964941235a12;adr33;1990;WILAYA DE TIZI OUZOU;H;MARIE;SALARIE;BAC;1;null;36.743378;3.06842;false;false;Superviseur commercial des ventes;C2;36.743374;3.0675538;OUIPresentSur RS,;UtilisePlus Facebook,UtilisePlus Instagram,,UtilisePlus Likendin,,,,;FaireConnaissance,Suivre Actualite ,Decouverte Cultures,Consultation Page marque,;,,Moyennement Suivi Marque ,,;Oui Important,;condor,iris,Samsung;condor,iris,stream;Samsung,Huawei,BEKO,Condor,LG,Brandt,Iris,Raylan,Starlight,Stream System,ENIEM;OUI je connais condor,;Affichage,TV,Reseaux Sociaux ,Ami(e)s Famille Proche,;Oui je suis Condor,;Facebook,,,,;Oui J ai decouvert,;smartphones;Moyenne;promotions, concours
[Etude Universitaire] - Impact de la communication Digitale sur la marque ;"Sous le thï¿½ï¿"" La communication Digitale et son impact sur la notoriï¿½ï¿½ï¿½ï¿½ï¿½ï¿½ï¿½"" , un(e) ï¿½ï¿½ï¿½ï¿½ï¿½ï¿½ï¿½ï¿½ï¿½ï¿½ï¿½ï¿½ï¿½ï¿½ï¿½ï¿½ï¿½ï¿½tudiant(e) de l'Ecole des Hautes Etudes Commerciale Kolea lance son sondage pour rï¿½ï¿½ï¿½ï¿½ï¿½ï¿½ï¿½ï¿½ï¿½ï¿½ï¿½ï¿½ï¿½ï¿½ï¿½ï¿½ï¿½ï¿½colter les avis de la communautï¿½ï¿½ï¿½ï¿½ï¿½ï¿½ï¿½ï¿½ï¿½ï¿½ï¿½ï¿½ï¿";false;O2A;QUESTIONNAIRE EN TENANT COMPTE DU CSP;French;admin;6/3/2021, 2:40:31 PM;6/3/2021, 7:30:22 PM;6/10/2021, 9:58:59 PM;BRIM;CYBER PARC STATION 15;SIDI ABDALLAH;enq34;6/3/2021, 10:56:35 PM;b21f654b-d04d-4136-8243-cac4fd46cd70;adr34;1974;WILAYA D'ALGER;H;MARIE;SALARIE;MASTER_INGENIEUR;1;null;36.8039;7.7123094;false;true;AUTRE A PRECISER;E;null;null;OUIPresentSur RS,;,,,,UtilisePlus Youtube,,,telegram;,,Decouverte Cultures,,;,,Moyennement Suivi Marque ,,;Oui Important,;samsong,lg,hwawi;enie,brandt,condor;Samsung,,,Condor,LG,Brandt,Iris,Raylan,Starlight,,ENIEM;OUI je connais condor,;,,Reseaux Sociaux ,Ami(e)s Famille Proche,;,Non JeNesuisPas Condor ;,,,,;,;;;publicitï¿½
[Etude Universitaire] - Impact de la communication Digitale sur la marque ;"Sous le thï¿½ï¿"" La communication Digitale et son impact sur la notoriï¿½ï¿½ï¿½ï¿½ï¿½ï¿½ï¿½"" , un(e) ï¿½ï¿½ï¿½ï¿½ï¿½ï¿½ï¿½ï¿½ï¿½ï¿½ï¿½ï¿½ï¿½ï¿½ï¿½ï¿½ï¿½ï¿½tudiant(e) de l'Ecole des Hautes Etudes Commerciale Kolea lance son sondage pour rï¿½ï¿½ï¿½ï¿½ï¿½ï¿½ï¿½ï¿½ï¿½ï¿½ï¿½ï¿½ï¿½ï¿½ï¿½ï¿½ï¿½ï¿½colter les avis de la communautï¿½ï¿½ï¿½ï¿½ï¿½ï¿½ï¿½ï¿½ï¿½ï¿½ï¿½ï¿½ï¿";false;O2A;QUESTIONNAIRE EN TENANT COMPTE DU CSP;French;admin;6/3/2021, 2:40:31 PM;6/3/2021, 7:30:22 PM;6/10/2021, 9:58:59 PM;BRIM;CYBER PARC STATION 15;SIDI ABDALLAH;enq35;6/8/2021, 3:33:37 PM;b0798fc3-6987-4f79-bd66-27f687a66960;adr35;1991;JAWA BARAT;H;CELIBATAIRE;SANS_EMPLOIE;BAC;1;null;36.640385;2.7578433;false;false;SANS EMPLOIE;E;36.64816;2.76009;OUIPresentSur RS,;,UtilisePlus Instagram,,UtilisePlus Likendin,UtilisePlus Youtube,,,;,,Decouverte Cultures,Consultation Page marque,;,Rarement Suivi Marque ,,,;Oui Important,;samsung ,showme,iphone;eniam,Condor ,i dont know;Samsung,Huawei,,Condor,LG,,Iris,,Starlight,Stream System,;OUI je connais condor,;,TV,,,;,Non JeNesuisPas Condor ;,,,,;,;;;they must develope the technologies is old 
[Etude Universitaire] - Impact de la communication Digitale sur la marque ;"Sous le thï¿½ï¿"" La communication Digitale et son impact sur la notoriï¿½ï¿½ï¿½ï¿½ï¿½ï¿½ï¿½"" , un(e) ï¿½ï¿½ï¿½ï¿½ï¿½ï¿½ï¿½ï¿½ï¿½ï¿½ï¿½ï¿½ï¿½ï¿½ï¿½ï¿½ï¿½ï¿½tudiant(e) de l'Ecole des Hautes Etudes Commerciale Kolea lance son sondage pour rï¿½ï¿½ï¿½ï¿½ï¿½ï¿½ï¿½ï¿½ï¿½ï¿½ï¿½ï¿½ï¿½ï¿½ï¿½ï¿½ï¿½ï¿½colter les avis de la communautï¿½ï¿½ï¿½ï¿½ï¿½ï¿½ï¿½ï¿½ï¿½ï¿½ï¿½ï¿½ï¿";false;O2A;QUESTIONNAIRE EN TENANT COMPTE DU CSP;French;admin;6/3/2021, 2:40:31 PM;6/3/2021, 7:30:22 PM;6/10/2021, 9:58:59 PM;BRIM;CYBER PARC STATION 15;SIDI ABDALLAH;enq36;6/3/2021, 8:49:59 PM;9e13a264-cc9e-47a1-a53d-412f72672fd9;adr36;1997;WILAYA DE Sï¿½ï¿;H;CELIBATAIRE;ETUDIANT;LICENCE;1;null;35.0926;-0.8277633;false;true;SANS EMPLOIE;E;35.092945;-0.8274657;OUIPresentSur RS,;UtilisePlus Facebook,UtilisePlus Instagram,,,UtilisePlus Youtube,,,;FaireConnaissance,,Decouverte Cultures,Consultation Page marque,;Jamais Suivi Marque ,,,,;Oui Important,;smartphone,tablette,tv;condor,starlight,iris;Samsung,Huawei,,Condor,,,Iris,,Starlight,Stream System,;OUI je connais condor,;,TV,,,;Oui je suis Condor,;Facebook,,,,;Oui J ai decouvert,;smartphone;Forte ;
[Etude Universitaire] - Impact de la communication Digitale sur la marque ;"Sous le thï¿½ï¿"" La communication Digitale et son impact sur la notoriï¿½ï¿½ï¿½ï¿½ï¿½ï¿½ï¿½"" , un(e) ï¿½ï¿½ï¿½ï¿½ï¿½ï¿½ï¿½ï¿½ï¿½ï¿½ï¿½ï¿½ï¿½ï¿½ï¿½ï¿½ï¿½ï¿½tudiant(e) de l'Ecole des Hautes Etudes Commerciale Kolea lance son sondage pour rï¿½ï¿½ï¿½ï¿½ï¿½ï¿½ï¿½ï¿½ï¿½ï¿½ï¿½ï¿½ï¿½ï¿½ï¿½ï¿½ï¿½ï¿½colter les avis de la communautï¿½ï¿½ï¿½ï¿½ï¿½ï¿½ï¿½ï¿½ï¿½ï¿½ï¿½ï¿½ï¿";false;O2A;QUESTIONNAIRE EN TENANT COMPTE DU CSP;French;admin;6/3/2021, 2:40:31 PM;6/3/2021, 7:30:22 PM;6/10/2021, 9:58:59 PM;BRIM;CYBER PARC STATION 15;SIDI ABDALLAH;enq37;6/3/2021, 8:55:55 PM;634820d0-0b9b-4d1f-80ad-9522c023781f;adr37;1988;WILAYA DE TIZI OUZOU;F;MARIE;SANS_EMPLOIE;DOCTEUR;1;null;34.890438;-1.3382638;false;true;SANS EMPLOIE;E;null;null;OUIPresentSur RS,;UtilisePlus Facebook,,,,,,,;,Suivre Actualite ,,Consultation Page marque,;,,,Souvent Suivi Marque ,;Oui Important,;brand,condor,LG;condor ,unie,Gï¿½ï¿;Samsung,,,Condor,LG,Brandt,Iris,Raylan,,,;OUI je connais condor,;,TV,Reseaux Sociaux ,,;,Non JeNesuisPas Condor ;,,,,;,;;;
[Etude Universitaire] - Impact de la communication Digitale sur la marque ;"Sous le thï¿½ï¿"" La communication Digitale et son impact sur la notoriï¿½ï¿½ï¿½ï¿½ï¿½ï¿½ï¿½"" , un(e) ï¿½ï¿½ï¿½ï¿½ï¿½ï¿½ï¿½ï¿½ï¿½ï¿½ï¿½ï¿½ï¿½ï¿½ï¿½ï¿½ï¿½ï¿½tudiant(e) de l'Ecole des Hautes Etudes Commerciale Kolea lance son sondage pour rï¿½ï¿½ï¿½ï¿½ï¿½ï¿½ï¿½ï¿½ï¿½ï¿½ï¿½ï¿½ï¿½ï¿½ï¿½ï¿½ï¿½ï¿½colter les avis de la communautï¿½ï¿½ï¿½ï¿½ï¿½ï¿½ï¿½ï¿½ï¿½ï¿½ï¿½ï¿½ï¿";false;O2A;QUESTIONNAIRE EN TENANT COMPTE DU CSP;French;admin;6/3/2021, 2:40:31 PM;6/3/2021, 7:30:22 PM;6/10/2021, 9:58:59 PM;BRIM;CYBER PARC STATION 15;SIDI ABDALLAH;enq38;6/7/2021, 9:06:58 PM;4512417a-4b79-4d03-a7be-9c76436e809d;adr38;1977;ALGIERS PROVINCE;F;MARIE;SALARIE;LICENCE;1;null;36.206306;5.4172945;false;true;Directeur de centre d'affaires en banque;B;36.206326;5.417374;OUIPresentSur RS,;,,,,UtilisePlus Youtube,,,;FaireConnaissance,Suivre Actualite ,,,;,Rarement Suivi Marque ,,,;Oui Important,;Samsung ,LG,Iris;Iris,      ,    ;Samsung,Huawei,BEKO,Condor,LG,Brandt,Iris,,,,;OUI je connais condor,;Affichage,,,,;,Non JeNesuisPas Condor ;,,,,;,;;;faire des partenariats avec l'ï¿½ï¿½ï¿½ï¿½ï¿½ï¿½ï¿½ï¿½ï¿½ï¿
[Etude Universitaire] - Impact de la communication Digitale sur la marque ;"Sous le thï¿½ï¿"" La communication Digitale et son impact sur la notoriï¿½ï¿½ï¿½ï¿½ï¿½ï¿½ï¿½"" , un(e) ï¿½ï¿½ï¿½ï¿½ï¿½ï¿½ï¿½ï¿½ï¿½ï¿½ï¿½ï¿½ï¿½ï¿½ï¿½ï¿½ï¿½ï¿½tudiant(e) de l'Ecole des Hautes Etudes Commerciale Kolea lance son sondage pour rï¿½ï¿½ï¿½ï¿½ï¿½ï¿½ï¿½ï¿½ï¿½ï¿½ï¿½ï¿½ï¿½ï¿½ï¿½ï¿½ï¿½ï¿½colter les avis de la communautï¿½ï¿½ï¿½ï¿½ï¿½ï¿½ï¿½ï¿½ï¿½ï¿½ï¿½ï¿½ï¿";false;O2A;QUESTIONNAIRE EN TENANT COMPTE DU CSP;French;admin;6/3/2021, 2:40:31 PM;6/3/2021, 7:30:22 PM;6/10/2021, 9:58:59 PM;BRIM;CYBER PARC STATION 15;SIDI ABDALLAH;enq39;6/5/2021, 3:56:50 PM;c7f0162b-51e4-464c-96dd-689f5e7720e5;adr39;1998;ORAN PROVINCE;F;CELIBATAIRE;ETUDIANT;MASTER_INGENIEUR;1;null;36.63159;2.778448;false;true;SANS EMPLOIE;E;36.638855;2.7849834;OUIPresentSur RS,;,UtilisePlus Instagram,,,,,,;FaireConnaissance,Suivre Actualite ,,Consultation Page marque,;,,Moyennement Suivi Marque ,,;Oui Important,;iris,condor,lg;iris,beko,condor;Samsung,Huawei,BEKO,Condor,LG,Brandt,Iris,Raylan,,,;OUI je connais condor,;Affichage,TV,Reseaux Sociaux ,Ami(e)s Famille Proche,;Oui je suis Condor,;Facebook,,Instagram,Linkedin,Youtube;Oui J ai decouvert,;blender;Faible ;arreter les claches dans les commentaires 
[Etude Universitaire] - Impact de la communication Digitale sur la marque ;"Sous le thï¿½ï¿"" La communication Digitale et son impact sur la notoriï¿½ï¿½ï¿½ï¿½ï¿½ï¿½ï¿½"" , un(e) ï¿½ï¿½ï¿½ï¿½ï¿½ï¿½ï¿½ï¿½ï¿½ï¿½ï¿½ï¿½ï¿½ï¿½ï¿½ï¿½ï¿½ï¿½tudiant(e) de l'Ecole des Hautes Etudes Commerciale Kolea lance son sondage pour rï¿½ï¿½ï¿½ï¿½ï¿½ï¿½ï¿½ï¿½ï¿½ï¿½ï¿½ï¿½ï¿½ï¿½ï¿½ï¿½ï¿½ï¿½colter les avis de la communautï¿½ï¿½ï¿½ï¿½ï¿½ï¿½ï¿½ï¿½ï¿½ï¿½ï¿½ï¿½ï¿";false;O2A;QUESTIONNAIRE EN TENANT COMPTE DU CSP;French;admin;6/3/2021, 2:40:31 PM;6/3/2021, 7:30:22 PM;6/10/2021, 9:58:59 PM;BRIM;CYBER PARC STATION 15;SIDI ABDALLAH;enq40;6/3/2021, 9:52:12 PM;79700ad7-d447-4c70-b84a-bfff704d83ac;adr40;1990;Mï¿½ï¿½ï¿½ï¿½ï¿½;F;MARIE;SALARIE;DOCTEUR;1;null;34.89331;-1.3313551;false;false;Enseignant-chercheur;C1;34.89329;-1.3313266;OUIPresentSur RS,;UtilisePlus Facebook,,,,,,,;,Suivre Actualite ,,,;,,Moyennement Suivi Marque ,,;Oui Important,;lg,Samsung ,beco;enie,condor,starlight;Samsung,Huawei,BEKO,Condor,LG,Brandt,Iris,Raylan,Starlight,,ENIEM;OUI je connais condor,;,,,Ami(e)s Famille Proche,;,Non JeNesuisPas Condor ;,,,,;,;;;
[Etude Universitaire] - Impact de la communication Digitale sur la marque ;"Sous le thï¿½ï¿"" La communication Digitale et son impact sur la notoriï¿½ï¿½ï¿½ï¿½ï¿½ï¿½ï¿½"" , un(e) ï¿½ï¿½ï¿½ï¿½ï¿½ï¿½ï¿½ï¿½ï¿½ï¿½ï¿½ï¿½ï¿½ï¿½ï¿½ï¿½ï¿½ï¿½tudiant(e) de l'Ecole des Hautes Etudes Commerciale Kolea lance son sondage pour rï¿½ï¿½ï¿½ï¿½ï¿½ï¿½ï¿½ï¿½ï¿½ï¿½ï¿½ï¿½ï¿½ï¿½ï¿½ï¿½ï¿½ï¿½colter les avis de la communautï¿½ï¿½ï¿½ï¿½ï¿½ï¿½ï¿½ï¿½ï¿½ï¿½ï¿½ï¿½ï¿";false;O2A;QUESTIONNAIRE EN TENANT COMPTE DU CSP;French;admin;6/3/2021, 2:40:31 PM;6/3/2021, 7:30:22 PM;6/10/2021, 9:58:59 PM;BRIM;CYBER PARC STATION 15;SIDI ABDALLAH;enq41;6/3/2021, 7:48:31 PM;c251d542-5965-4dab-917b-b3c84d13a77f;adr41;1997;ANNABA PROVINCE;F;CELIBATAIRE;ETUDIANT;MASTER_INGENIEUR;1;null;36.010197;4.7272677;false;true;SANS EMPLOIE;E;36.63865;2.7861683;OUIPresentSur RS,;UtilisePlus Facebook,UtilisePlus Instagram,,,UtilisePlus Youtube,,,;FaireConnaissance,Suivre Actualite ,Decouverte Cultures,Consultation Page marque,;,,Moyennement Suivi Marque ,,;Oui Important,;Samsung ,LG,condor;condor,iris,brandt;Samsung,Huawei,BEKO,Condor,LG,Brandt,Iris,Raylan,Starlight,Stream System,ENIEM;OUI je connais condor,;Affichage,TV,Reseaux Sociaux ,Ami(e)s Famille Proche,;Oui je suis Condor,;Facebook,,Instagram,,;Oui J ai decouvert,;mobile allure;Forte ;
[Etude Universitaire] - Impact de la communication Digitale sur la marque ;"Sous le thï¿½ï¿"" La communication Digitale et son impact sur la notoriï¿½ï¿½ï¿½ï¿½ï¿½ï¿½ï¿½"" , un(e) ï¿½ï¿½ï¿½ï¿½ï¿½ï¿½ï¿½ï¿½ï¿½ï¿½ï¿½ï¿½ï¿½ï¿½ï¿½ï¿½ï¿½ï¿½tudiant(e) de l'Ecole des Hautes Etudes Commerciale Kolea lance son sondage pour rï¿½ï¿½ï¿½ï¿½ï¿½ï¿½ï¿½ï¿½ï¿½ï¿½ï¿½ï¿½ï¿½ï¿½ï¿½ï¿½ï¿½ï¿½colter les avis de la communautï¿½ï¿½ï¿½ï¿½ï¿½ï¿½ï¿½ï¿½ï¿½ï¿½ï¿½ï¿½ï¿";false;O2A;QUESTIONNAIRE EN TENANT COMPTE DU CSP;French;admin;6/3/2021, 2:40:31 PM;6/3/2021, 7:30:22 PM;6/10/2021, 9:58:59 PM;BRIM;CYBER PARC STATION 15;SIDI ABDALLAH;enq42;6/8/2021, 3:14:48 AM;196c04e9-e146-45e4-9934-fdd7cfceaf49;adr42;1974;WILAYA D'OUM EL BOUAGHI;H;MARIE;SALARIE;FORMATION_PROF;1;null;36.730064;3.9628458;false;true;Web marketeur;C1;36.72815;3.9606473;OUIPresentSur RS,;UtilisePlus Facebook,,,UtilisePlus Likendin,,,,;FaireConnaissance,Suivre Actualite ,,,;,,Moyennement Suivi Marque ,,;Oui Important,;lg,salsung,mac;condor,brandt,eniem;Samsung,Huawei,,Condor,,,,,,,;OUI je connais condor,;Affichage,TV,,,;,Non JeNesuisPas Condor ;,,,,;,;;;ýýtre ce qu'elle prýýtend etre
[Etude Universitaire] - Impact de la communication Digitale sur la marque ;"Sous le thï¿½ï¿"" La communication Digitale et son impact sur la notoriï¿½ï¿½ï¿½ï¿½ï¿½ï¿½ï¿½"" , un(e) ï¿½ï¿½ï¿½ï¿½ï¿½ï¿½ï¿½ï¿½ï¿½ï¿½ï¿½ï¿½ï¿½ï¿½ï¿½ï¿½ï¿½ï¿½tudiant(e) de l'Ecole des Hautes Etudes Commerciale Kolea lance son sondage pour rï¿½ï¿½ï¿½ï¿½ï¿½ï¿½ï¿½ï¿½ï¿½ï¿½ï¿½ï¿½ï¿½ï¿½ï¿½ï¿½ï¿½ï¿½colter les avis de la communautï¿½ï¿½ï¿½ï¿½ï¿½ï¿½ï¿½ï¿½ï¿½ï¿½ï¿½ï¿½ï¿";false;O2A;QUESTIONNAIRE EN TENANT COMPTE DU CSP;French;admin;6/3/2021, 2:40:31 PM;6/3/2021, 7:30:22 PM;6/10/2021, 9:58:59 PM;BRIM;CYBER PARC STATION 15;SIDI ABDALLAH;enq43;6/3/2021, 9:14:52 PM;6e4b0fd7-028c-4a5d-8481-1ea8afb48c10;adr43;1990;WILAYA DE TLEMCEN;H;MARIE;SALARIE;MASTER_INGENIEUR;1;null;34.88181;-1.3365158;false;true;Adjoint  comptable;D;34.88182;-1.3365387;OUIPresentSur RS,;UtilisePlus Facebook,UtilisePlus Instagram,,,UtilisePlus Youtube,,,;FaireConnaissance,,Decouverte Cultures,Consultation Page marque,;,,Moyennement Suivi Marque ,,;Oui Important,;lg,samsung,sony;iris,geant,condor;Samsung,Huawei,BEKO,Condor,LG,Brandt,Iris,Raylan,Starlight,Stream System,ENIEM;OUI je connais condor,;Affichage,,,,;Oui je suis Condor,;Facebook,,,,;Oui J ai decouvert,;four;Faible ;
[Etude Universitaire] - Impact de la communication Digitale sur la marque ;"Sous le thï¿½ï¿"" La communication Digitale et son impact sur la notoriï¿½ï¿½ï¿½ï¿½ï¿½ï¿½ï¿½"" , un(e) ï¿½ï¿½ï¿½ï¿½ï¿½ï¿½ï¿½ï¿½ï¿½ï¿½ï¿½ï¿½ï¿½ï¿½ï¿½ï¿½ï¿½ï¿½tudiant(e) de l'Ecole des Hautes Etudes Commerciale Kolea lance son sondage pour rï¿½ï¿½ï¿½ï¿½ï¿½ï¿½ï¿½ï¿½ï¿½ï¿½ï¿½ï¿½ï¿½ï¿½ï¿½ï¿½ï¿½ï¿½colter les avis de la communautï¿½ï¿½ï¿½ï¿½ï¿½ï¿½ï¿½ï¿½ï¿½ï¿½ï¿½ï¿½ï¿";false;O2A;QUESTIONNAIRE EN TENANT COMPTE DU CSP;French;admin;6/3/2021, 2:40:31 PM;6/3/2021, 7:30:22 PM;6/10/2021, 9:58:59 PM;BRIM;CYBER PARC STATION 15;SIDI ABDALLAH;enq44;6/7/2021, 9:34:21 PM;1c852e60-6d66-4472-8a3c-a1b1b2509eab;adr44;1975;WILAYA D'ALGER;F;MARIE;SALARIE;MASTER_INGENIEUR;1;null;36.772087;3.0514958;false;true;Assistant d'ingï¿½ï¿½ï;C2;36.77208;3.051545;OUIPresentSur RS,;UtilisePlus Facebook,,,,UtilisePlus Youtube,,,;FaireConnaissance,Suivre Actualite ,Decouverte Cultures,Consultation Page marque,;,,Moyennement Suivi Marque ,,;Oui Important,;Samsung,Brandt,Condor;Condor,Eniem,Enie;Samsung,Huawei,,,LG,Brandt,Iris,,,,ENIEM;OUI je connais condor,;Affichage,TV,Reseaux Sociaux ,Ami(e)s Famille Proche,;,Non JeNesuisPas Condor ;,,,,;,;;;
[Etude Universitaire] - Impact de la communication Digitale sur la marque ;"Sous le thï¿½ï¿"" La communication Digitale et son impact sur la notoriï¿½ï¿½ï¿½ï¿½ï¿½ï¿½ï¿½"" , un(e) ï¿½ï¿½ï¿½ï¿½ï¿½ï¿½ï¿½ï¿½ï¿½ï¿½ï¿½ï¿½ï¿½ï¿½ï¿½ï¿½ï¿½ï¿½tudiant(e) de l'Ecole des Hautes Etudes Commerciale Kolea lance son sondage pour rï¿½ï¿½ï¿½ï¿½ï¿½ï¿½ï¿½ï¿½ï¿½ï¿½ï¿½ï¿½ï¿½ï¿½ï¿½ï¿½ï¿½ï¿½colter les avis de la communautï¿½ï¿½ï¿½ï¿½ï¿½ï¿½ï¿½ï¿½ï¿½ï¿½ï¿½ï¿½ï¿";false;O2A;QUESTIONNAIRE EN TENANT COMPTE DU CSP;French;admin;6/3/2021, 2:40:31 PM;6/3/2021, 7:30:22 PM;6/10/2021, 9:58:59 PM;BRIM;CYBER PARC STATION 15;SIDI ABDALLAH;enq45;6/6/2021, 12:16:39 AM;2548f932-8d7a-4578-9ff1-1186c4d39846;adr45;1986;WILAYA DE TIZI OUZOU;F;CELIBATAIRE;SALARIE;LICENCE;1;null;36.73256;5.0522146;false;true;Agent de gestion comptable;D;36.73257;5.0522475;OUIPresentSur RS,;,UtilisePlus Instagram,,,UtilisePlus Youtube,,UtilisePlus Snapchat,;,Suivre Actualite ,Decouverte Cultures,Consultation Page marque,;,,Moyennement Suivi Marque ,,;Oui Important,;Lg,brund,samsung;condor,uniem,starlignt;Samsung,Huawei,,Condor,LG,Brandt,Iris,,Starlight,,ENIEM;OUI je connais condor,;Affichage,TV,,Ami(e)s Famille Proche,internet;,Non JeNesuisPas Condor ;,,,,;,;;;non rien
[Etude Universitaire] - Impact de la communication Digitale sur la marque ;"Sous le thï¿½ï¿"" La communication Digitale et son impact sur la notoriï¿½ï¿½ï¿½ï¿½ï¿½ï¿½ï¿½"" , un(e) ï¿½ï¿½ï¿½ï¿½ï¿½ï¿½ï¿½ï¿½ï¿½ï¿½ï¿½ï¿½ï¿½ï¿½ï¿½ï¿½ï¿½ï¿½tudiant(e) de l'Ecole des Hautes Etudes Commerciale Kolea lance son sondage pour rï¿½ï¿½ï¿½ï¿½ï¿½ï¿½ï¿½ï¿½ï¿½ï¿½ï¿½ï¿½ï¿½ï¿½ï¿½ï¿½ï¿½ï¿½colter les avis de la communautï¿½ï¿½ï¿½ï¿½ï¿½ï¿½ï¿½ï¿½ï¿½ï¿½ï¿½ï¿½ï¿";false;O2A;QUESTIONNAIRE EN TENANT COMPTE DU CSP;French;admin;6/3/2021, 2:40:31 PM;6/3/2021, 7:30:22 PM;6/10/2021, 9:58:59 PM;BRIM;CYBER PARC STATION 15;SIDI ABDALLAH;enq46;6/3/2021, 8:15:06 PM;66d6c8ea-cb71-468d-85b0-fb035d27fe45;adr46;1983;WILAYA D'ALGER;F;MARIE;SALARIE;MASTER_INGENIEUR;1;null;35.196224;-0.6354865;false;false;Biologiste mï¿½ï¿½ï;C1;null;null;OUIPresentSur RS,;UtilisePlus Facebook,,,,UtilisePlus Youtube,UtilisePlus Tiktok,,;,Suivre Actualite ,Decouverte Cultures,Consultation Page marque,;,,,,Tres Souvent Suivi Marque ;Oui Important,;Bosch ,Moulinex ,Samsung ;eniem ,eniem,eniem;Samsung,Huawei,BEKO,Condor,LG,Brandt,Iris,Raylan,Starlight,,ENIEM;OUI je connais condor,;,TV,,,;Oui je suis Condor,;,,,,Youtube;Oui J ai decouvert,;frigidaire ;Trï¿½ï¿½ï¿½;non 
[Etude Universitaire] - Impact de la communication Digitale sur la marque ;"Sous le thï¿½ï¿"" La communication Digitale et son impact sur la notoriï¿½ï¿½ï¿½ï¿½ï¿½ï¿½ï¿½"" , un(e) ï¿½ï¿½ï¿½ï¿½ï¿½ï¿½ï¿½ï¿½ï¿½ï¿½ï¿½ï¿½ï¿½ï¿½ï¿½ï¿½ï¿½ï¿½tudiant(e) de l'Ecole des Hautes Etudes Commerciale Kolea lance son sondage pour rï¿½ï¿½ï¿½ï¿½ï¿½ï¿½ï¿½ï¿½ï¿½ï¿½ï¿½ï¿½ï¿½ï¿½ï¿½ï¿½ï¿½ï¿½colter les avis de la communautï¿½ï¿½ï¿½ï¿½ï¿½ï¿½ï¿½ï¿½ï¿½ï¿½ï¿½ï¿½ï¿";false;O2A;QUESTIONNAIRE EN TENANT COMPTE DU CSP;French;admin;6/3/2021, 2:40:31 PM;6/3/2021, 7:30:22 PM;6/10/2021, 9:58:59 PM;BRIM;CYBER PARC STATION 15;SIDI ABDALLAH;enq47;6/6/2021, 2:21:45 PM;0d564792-0274-4aa6-8a24-02e5480a203d;adr47;1992;WILAYA DE CONSTANTINE;H;CELIBATAIRE;SALARIE;MASTER_INGENIEUR;1;null;35.22414;-0.6326048;false;true;Directeur Gï¿½ï¿½ï¿½;A;35.220245;-0.6318172;OUIPresentSur RS,;,UtilisePlus Instagram,,,,,,;,,Decouverte Cultures,Consultation Page marque,;,Rarement Suivi Marque ,,,;Oui Important,;apple,Samsung,xiomi;iris,condor,enie;Samsung,Huawei,BEKO,Condor,LG,Brandt,Iris,,Starlight,Stream System,ENIEM;OUI je connais condor,;Affichage,TV,,,;,Non JeNesuisPas Condor ;,,,,;,;;;
[Etude Universitaire] - Impact de la communication Digitale sur la marque ;"Sous le thï¿½ï¿"" La communication Digitale et son impact sur la notoriï¿½ï¿½ï¿½ï¿½ï¿½ï¿½ï¿½"" , un(e) ï¿½ï¿½ï¿½ï¿½ï¿½ï¿½ï¿½ï¿½ï¿½ï¿½ï¿½ï¿½ï¿½ï¿½ï¿½ï¿½ï¿½ï¿½tudiant(e) de l'Ecole des Hautes Etudes Commerciale Kolea lance son sondage pour rï¿½ï¿½ï¿½ï¿½ï¿½ï¿½ï¿½ï¿½ï¿½ï¿½ï¿½ï¿½ï¿½ï¿½ï¿½ï¿½ï¿½ï¿½colter les avis de la communautï¿½ï¿½ï¿½ï¿½ï¿½ï¿½ï¿½ï¿½ï¿½ï¿½ï¿½ï¿½ï¿";false;O2A;QUESTIONNAIRE EN TENANT COMPTE DU CSP;French;admin;6/3/2021, 2:40:31 PM;6/3/2021, 7:30:22 PM;6/10/2021, 9:58:59 PM;BRIM;CYBER PARC STATION 15;SIDI ABDALLAH;enq48;6/3/2021, 8:17:16 PM;1ecfa5ec-19e3-4664-837f-7623b31ae58d;adr48;1982;WILAYA DE BLIDA;H;MARIE;SALARIE;MASTER_INGENIEUR;1;null;35.035988;-1.7674257;false;true;Inspecteur principal en assurances;C1;34.869503;-1.3597343;OUIPresentSur RS,;UtilisePlus Facebook,UtilisePlus Instagram,,UtilisePlus Likendin,,,,;FaireConnaissance,,,Consultation Page marque,;,,Moyennement Suivi Marque ,,;Oui Important,;lg,bosch,simense;condor,iris,gean;Samsung,Huawei,BEKO,Condor,LG,Brandt,Iris,Raylan,Starlight,Stream System,ENIEM;OUI je connais condor,;Affichage,,,,;,Non JeNesuisPas Condor ;,,,,;,;;;amï¿½ï¿½ï¿½ï¿½ï¿½ï¿½ï¿½ï¿½ï¿½ï¿½ï¿½ï¿½ï¿½ï¿½ï¿½ï¿½ï¿½ï¿½liorï¿½ï¿½ï¿½ï¿½ï¿½ï¿½ï¿½ï¿½ï¿½ï¿½ï¿½ï¿½ï¿½ï¿½ï¿½ï¿½ï¿½ï
[Etude Universitaire] - Impact de la communication Digitale sur la marque ;"Sous le thï¿½ï¿"" La communication Digitale et son impact sur la notoriï¿½ï¿½ï¿½ï¿½ï¿½ï¿½ï¿½"" , un(e) ï¿½ï¿½ï¿½ï¿½ï¿½ï¿½ï¿½ï¿½ï¿½ï¿½ï¿½ï¿½ï¿½ï¿½ï¿½ï¿½ï¿½ï¿½tudiant(e) de l'Ecole des Hautes Etudes Commerciale Kolea lance son sondage pour rï¿½ï¿½ï¿½ï¿½ï¿½ï¿½ï¿½ï¿½ï¿½ï¿½ï¿½ï¿½ï¿½ï¿½ï¿½ï¿½ï¿½ï¿½colter les avis de la communautï¿½ï¿½ï¿½ï¿½ï¿½ï¿½ï¿½ï¿½ï¿½ï¿½ï¿½ï¿½ï¿";false;O2A;QUESTIONNAIRE EN TENANT COMPTE DU CSP;French;admin;6/3/2021, 2:40:31 PM;6/3/2021, 7:30:22 PM;6/10/2021, 9:58:59 PM;BRIM;CYBER PARC STATION 15;SIDI ABDALLAH;enq49;6/3/2021, 8:12:25 PM;dd15ffc3-eb0c-44d2-9258-57e90790be2f;adr49;1991;WILAYA DE TLEMCEN;H;MARIE;SALARIE;MASTER_INGENIEUR;1;null;36.76798;2.9717872;false;true;Auditeur comptable et financier;C2;null;null;OUIPresentSur RS,;UtilisePlus Facebook,UtilisePlus Instagram,,UtilisePlus Likendin,,,,;,Suivre Actualite ,,Consultation Page marque,;,,Moyennement Suivi Marque ,,;Oui Important,;condor ,iris,brandt;condor,iris,Brandt ;Samsung,Huawei,BEKO,Condor,LG,Brandt,Iris,Raylan,Starlight,Stream System,ENIEM;OUI je connais condor,;,TV,,,;,Non JeNesuisPas Condor ;,,,,;,;;;parler sur la qualitï¿½ï¿½ï¿½ï¿½ï¿½ï¿½ï¿½ï
[Etude Universitaire] - Impact de la communication Digitale sur la marque ;"Sous le thï¿½ï¿"" La communication Digitale et son impact sur la notoriï¿½ï¿½ï¿½ï¿½ï¿½ï¿½ï¿½"" , un(e) ï¿½ï¿½ï¿½ï¿½ï¿½ï¿½ï¿½ï¿½ï¿½ï¿½ï¿½ï¿½ï¿½ï¿½ï¿½ï¿½ï¿½ï¿½tudiant(e) de l'Ecole des Hautes Etudes Commerciale Kolea lance son sondage pour rï¿½ï¿½ï¿½ï¿½ï¿½ï¿½ï¿½ï¿½ï¿½ï¿½ï¿½ï¿½ï¿½ï¿½ï¿½ï¿½ï¿½ï¿½colter les avis de la communautï¿½ï¿½ï¿½ï¿½ï¿½ï¿½ï¿½ï¿½ï¿½ï¿½ï¿½ï¿½ï¿";false;O2A;QUESTIONNAIRE EN TENANT COMPTE DU CSP;French;admin;6/3/2021, 2:40:31 PM;6/3/2021, 7:30:22 PM;6/10/2021, 9:58:59 PM;BRIM;CYBER PARC STATION 15;SIDI ABDALLAH;enq50;6/3/2021, 7:35:27 PM;f2b3c51e-22b1-49c8-a437-65ffa0b2120b;adr50;1972;WILAYA D'ALGER;H;MARIE;SALARIE;LICENCE;1;null;36.25347;6.71901;false;true;AUTRE A PRECISER;E;36.25345;6.7189946;OUIPresentSur RS,;UtilisePlus Facebook,,,,UtilisePlus Youtube,,,;FaireConnaissance,Suivre Actualite ,Decouverte Cultures,,;,,Moyennement Suivi Marque ,,;Oui Important,;LB,panasonic,Geant;Condor,Iris,ENIEM;Samsung,Huawei,BEKO,Condor,LG,Brandt,Iris,,Starlight,Stream System,ENIEM;OUI je connais condor,;Affichage,TV,Reseaux Sociaux ,Ami(e)s Famille Proche,;,Non JeNesuisPas Condor ;,,,,;,;;;
[Etude Universitaire] - Impact de la communication Digitale sur la marque ;"Sous le thï¿½ï¿"" La communication Digitale et son impact sur la notoriï¿½ï¿½ï¿½ï¿½ï¿½ï¿½ï¿½"" , un(e) ï¿½ï¿½ï¿½ï¿½ï¿½ï¿½ï¿½ï¿½ï¿½ï¿½ï¿½ï¿½ï¿½ï¿½ï¿½ï¿½ï¿½ï¿½tudiant(e) de l'Ecole des Hautes Etudes Commerciale Kolea lance son sondage pour rï¿½ï¿½ï¿½ï¿½ï¿½ï¿½ï¿½ï¿½ï¿½ï¿½ï¿½ï¿½ï¿½ï¿½ï¿½ï¿½ï¿½ï¿½colter les avis de la communautï¿½ï¿½ï¿½ï¿½ï¿½ï¿½ï¿½ï¿½ï¿½ï¿½ï¿½ï¿½ï¿";false;O2A;QUESTIONNAIRE EN TENANT COMPTE DU CSP;French;admin;6/3/2021, 2:40:31 PM;6/3/2021, 7:30:22 PM;6/10/2021, 9:58:59 PM;BRIM;CYBER PARC STATION 15;SIDI ABDALLAH;enq51;6/7/2021, 10:04:41 PM;2ed761d8-2673-4835-9590-e197a94916fe;adr51;1992;ALGIERS;H;MARIE;SALARIE;MOYEN;1;null;34.757984;-0.9634383;false;true;Gardien / Gardienne des parcs et jardins;C2;34.72324;-0.9517565;,NONPresentSur RS;,,,,,,,;,,,,;,,,,;,;condor,iris,LG;condor,iris,LG;,,,Condor,LG,,Iris,,,,;OUI je connais condor,;,TV,,,;,Non JeNesuisPas Condor ;,,,,;,;;;service apres vente indesirable
[Etude Universitaire] - Impact de la communication Digitale sur la marque ;"Sous le thï¿½ï¿"" La communication Digitale et son impact sur la notoriï¿½ï¿½ï¿½ï¿½ï¿½ï¿½ï¿½"" , un(e) ï¿½ï¿½ï¿½ï¿½ï¿½ï¿½ï¿½ï¿½ï¿½ï¿½ï¿½ï¿½ï¿½ï¿½ï¿½ï¿½ï¿½ï¿½tudiant(e) de l'Ecole des Hautes Etudes Commerciale Kolea lance son sondage pour rï¿½ï¿½ï¿½ï¿½ï¿½ï¿½ï¿½ï¿½ï¿½ï¿½ï¿½ï¿½ï¿½ï¿½ï¿½ï¿½ï¿½ï¿½colter les avis de la communautï¿½ï¿½ï¿½ï¿½ï¿½ï¿½ï¿½ï¿½ï¿½ï¿½ï¿½ï¿½ï¿";false;O2A;QUESTIONNAIRE EN TENANT COMPTE DU CSP;French;admin;6/3/2021, 2:40:31 PM;6/3/2021, 7:30:22 PM;6/10/2021, 9:58:59 PM;BRIM;CYBER PARC STATION 15;SIDI ABDALLAH;enq52;6/3/2021, 7:34:38 PM;453ed734-c9ff-44fa-bbe6-510bbb8193bb;adr52;1984;WILAYA D'ALGER;H;MARIE;SALARIE;DOCTEUR;1;null;36.73533;3.081045;false;true;Conseiller Diplomatique;B;36.699253;3.046327;OUIPresentSur RS,;,,UtilisePlus Twitter,,,,,;,Suivre Actualite ,,,;,Rarement Suivi Marque ,,,;Oui Important,;Samsung ,LG,Bosh;Condor ,Eniem,Brandt ;Samsung,Huawei,BEKO,Condor,LG,Brandt,Iris,Raylan,Starlight,Stream System,ENIEM;OUI je connais condor,;,TV,,,;,Non JeNesuisPas Condor ;,,,,;,;;;
[Etude Universitaire] - Impact de la communication Digitale sur la marque ;"Sous le thï¿½ï¿"" La communication Digitale et son impact sur la notoriï¿½ï¿½ï¿½ï¿½ï¿½ï¿½ï¿½"" , un(e) ï¿½ï¿½ï¿½ï¿½ï¿½ï¿½ï¿½ï¿½ï¿½ï¿½ï¿½ï¿½ï¿½ï¿½ï¿½ï¿½ï¿½ï¿½tudiant(e) de l'Ecole des Hautes Etudes Commerciale Kolea lance son sondage pour rï¿½ï¿½ï¿½ï¿½ï¿½ï¿½ï¿½ï¿½ï¿½ï¿½ï¿½ï¿½ï¿½ï¿½ï¿½ï¿½ï¿½ï¿½colter les avis de la communautï¿½ï¿½ï¿½ï¿½ï¿½ï¿½ï¿½ï¿½ï¿½ï¿½ï¿½ï¿½ï¿";false;O2A;QUESTIONNAIRE EN TENANT COMPTE DU CSP;French;admin;6/3/2021, 2:40:31 PM;6/3/2021, 7:30:22 PM;6/10/2021, 9:58:59 PM;BRIM;CYBER PARC STATION 15;SIDI ABDALLAH;enq53;6/3/2021, 7:45:21 PM;993a353b-90e4-4150-9e7a-eaf145efb147;adr53;1997;WILAYA DE Bï¿½ï¿½ï;F;CELIBATAIRE;SALARIE;MASTER_INGENIEUR;1;null;36.7496;7.695806;false;true;Chargï¿½ï¿½ï¿½ï¿½;C2;null;null;OUIPresentSur RS,;UtilisePlus Facebook,UtilisePlus Instagram,,UtilisePlus Likendin,,,,;,Suivre Actualite ,Decouverte Cultures,Consultation Page marque,veille ï¿½ï¿½ï¿½ï¿½;,,Moyennement Suivi Marque ,,;Oui Important,;Samsung,apple ,condor;raylan,condor,iris;Samsung,Huawei,BEKO,Condor,LG,Brandt,Iris,Raylan,Starlight,,ENIEM;OUI je connais condor,;,,,Ami(e)s Famille Proche,;,Non JeNesuisPas Condor ;,,,,;,;;;la crï¿½ï¿½ï¿½ï¿½ï¿½ï¿½ï¿½ï¿½ï¿½ï¿½ï¿½ï¿½ï¿½ï¿½ï¿½ï¿½ï¿½ï¿½atio
[Etude Universitaire] - Impact de la communication Digitale sur la marque ;"Sous le thï¿½ï¿"" La communication Digitale et son impact sur la notoriï¿½ï¿½ï¿½ï¿½ï¿½ï¿½ï¿½"" , un(e) ï¿½ï¿½ï¿½ï¿½ï¿½ï¿½ï¿½ï¿½ï¿½ï¿½ï¿½ï¿½ï¿½ï¿½ï¿½ï¿½ï¿½ï¿½tudiant(e) de l'Ecole des Hautes Etudes Commerciale Kolea lance son sondage pour rï¿½ï¿½ï¿½ï¿½ï¿½ï¿½ï¿½ï¿½ï¿½ï¿½ï¿½ï¿½ï¿½ï¿½ï¿½ï¿½ï¿½ï¿½colter les avis de la communautï¿½ï¿½ï¿½ï¿½ï¿½ï¿½ï¿½ï¿½ï¿½ï¿½ï¿½ï¿½ï¿";false;O2A;QUESTIONNAIRE EN TENANT COMPTE DU CSP;French;admin;6/3/2021, 2:40:31 PM;6/3/2021, 7:30:22 PM;6/10/2021, 9:58:59 PM;BRIM;CYBER PARC STATION 15;SIDI ABDALLAH;enq54;6/4/2021, 2:27:12 PM;530e6a5a-9c43-45cf-9a8d-698f02ffa196;adr54;1990;WILAYA DE TIZI OUZOU;F;MARIE;SALARIE;LICENCE;1;null;34.886242;-1.335005;false;true;Enseignant;C1;34.886215;-1.3350041;OUIPresentSur RS,;UtilisePlus Facebook,UtilisePlus Instagram,,,,,,;,Suivre Actualite ,,Consultation Page marque,;,,,,Tres Souvent Suivi Marque ;Oui Important,;brandt,condord,Samsung;condord,lg,enie;Samsung,,,Condor,LG,Brandt,Iris,,Starlight,Stream System,;OUI je connais condor,;,TV,Reseaux Sociaux ,,;Oui je suis Condor,;Facebook,,,,;Oui J ai decouvert,;tï¿½ï¿½ï¿½ï¿;Moyenne;sponsorisï¿½ï¿½ï¿½ï
[Etude Universitaire] - Impact de la communication Digitale sur la marque ;"Sous le thï¿½ï¿"" La communication Digitale et son impact sur la notoriï¿½ï¿½ï¿½ï¿½ï¿½ï¿½ï¿½"" , un(e) ï¿½ï¿½ï¿½ï¿½ï¿½ï¿½ï¿½ï¿½ï¿½ï¿½ï¿½ï¿½ï¿½ï¿½ï¿½ï¿½ï¿½ï¿½tudiant(e) de l'Ecole des Hautes Etudes Commerciale Kolea lance son sondage pour rï¿½ï¿½ï¿½ï¿½ï¿½ï¿½ï¿½ï¿½ï¿½ï¿½ï¿½ï¿½ï¿½ï¿½ï¿½ï¿½ï¿½ï¿½colter les avis de la communautï¿½ï¿½ï¿½ï¿½ï¿½ï¿½ï¿½ï¿½ï¿½ï¿½ï¿½ï¿½ï¿";false;O2A;QUESTIONNAIRE EN TENANT COMPTE DU CSP;French;admin;6/3/2021, 2:40:31 PM;6/3/2021, 7:30:22 PM;6/10/2021, 9:58:59 PM;BRIM;CYBER PARC STATION 15;SIDI ABDALLAH;enq55;6/3/2021, 8:54:18 PM;6a2daede-9314-4dd8-b1d2-a2844e158bab;adr55;1999;ALGER;F;CELIBATAIRE;ETUDIANT;MASTER_INGENIEUR;1;null;36.759403;2.95123;false;true;SANS EMPLOIE;E;null;null;OUIPresentSur RS,;UtilisePlus Facebook,UtilisePlus Instagram,,,UtilisePlus Youtube,,,;,Suivre Actualite ,Decouverte Cultures,Consultation Page marque,Pour des raisons professionnelles;,,,Souvent Suivi Marque ,;Oui Important,;LG,Samsung,Condor;Condor,Iris,Starlight;Samsung,Huawei,BEKO,Condor,LG,Brandt,Iris,,Starlight,,ENIEM;OUI je connais condor,;,TV,Reseaux Sociaux ,,;,Non JeNesuisPas Condor ;,,,,;,;;;
[Etude Universitaire] - Impact de la communication Digitale sur la marque ;"Sous le thï¿½ï¿"" La communication Digitale et son impact sur la notoriï¿½ï¿½ï¿½ï¿½ï¿½ï¿½ï¿½"" , un(e) ï¿½ï¿½ï¿½ï¿½ï¿½ï¿½ï¿½ï¿½ï¿½ï¿½ï¿½ï¿½ï¿½ï¿½ï¿½ï¿½ï¿½ï¿½tudiant(e) de l'Ecole des Hautes Etudes Commerciale Kolea lance son sondage pour rï¿½ï¿½ï¿½ï¿½ï¿½ï¿½ï¿½ï¿½ï¿½ï¿½ï¿½ï¿½ï¿½ï¿½ï¿½ï¿½ï¿½ï¿½colter les avis de la communautï¿½ï¿½ï¿½ï¿½ï¿½ï¿½ï¿½ï¿½ï¿½ï¿½ï¿½ï¿½ï¿";false;O2A;QUESTIONNAIRE EN TENANT COMPTE DU CSP;French;admin;6/3/2021, 2:40:31 PM;6/3/2021, 7:30:22 PM;6/10/2021, 9:58:59 PM;BRIM;CYBER PARC STATION 15;SIDI ABDALLAH;enq56;6/3/2021, 8:17:38 PM;8d982173-df25-4cdb-a01e-2a9bfd59d325;adr56;1998;ALGIERS PROVINCE;F;CELIBATAIRE;ETUDIANT;MASTER_INGENIEUR;1;null;36.17832;5.506095;false;true;SANS EMPLOIE;E;36.17832;5.5060835;OUIPresentSur RS,;UtilisePlus Facebook,UtilisePlus Instagram,,,UtilisePlus Youtube,,,;FaireConnaissance,Suivre Actualite ,,Consultation Page marque,;,,Moyennement Suivi Marque ,,;Oui Important,;condor,iris,Samsung ;condor,beko,brand;Samsung,Huawei,BEKO,Condor,LG,Brandt,Iris,,Starlight,Stream System,ENIEM;OUI je connais condor,;,TV,Reseaux Sociaux ,,;,Non JeNesuisPas Condor ;,,,,;,;;;
[Etude Universitaire] - Impact de la communication Digitale sur la marque ;"Sous le thï¿½ï¿"" La communication Digitale et son impact sur la notoriï¿½ï¿½ï¿½ï¿½ï¿½ï¿½ï¿½"" , un(e) ï¿½ï¿½ï¿½ï¿½ï¿½ï¿½ï¿½ï¿½ï¿½ï¿½ï¿½ï¿½ï¿½ï¿½ï¿½ï¿½ï¿½ï¿½tudiant(e) de l'Ecole des Hautes Etudes Commerciale Kolea lance son sondage pour rï¿½ï¿½ï¿½ï¿½ï¿½ï¿½ï¿½ï¿½ï¿½ï¿½ï¿½ï¿½ï¿½ï¿½ï¿½ï¿½ï¿½ï¿½colter les avis de la communautï¿½ï¿½ï¿½ï¿½ï¿½ï¿½ï¿½ï¿½ï¿½ï¿½ï¿½ï¿½ï¿";false;O2A;QUESTIONNAIRE EN TENANT COMPTE DU CSP;French;admin;6/3/2021, 2:40:31 PM;6/3/2021, 7:30:22 PM;6/10/2021, 9:58:59 PM;BRIM;CYBER PARC STATION 15;SIDI ABDALLAH;enq57;6/3/2021, 8:40:26 PM;77377265-770f-4438-8900-21f75aaaa2dc;adr57;1998;ALGIERS PROVINCE;F;CELIBATAIRE;ETUDIANT;MASTER_INGENIEUR;1;null;33.677975;1.0171014;false;true;SANS EMPLOIE;E;null;null;OUIPresentSur RS,;UtilisePlus Facebook,UtilisePlus Instagram,,,UtilisePlus Youtube,,,;FaireConnaissance,Suivre Actualite ,Decouverte Cultures,Consultation Page marque,;,,,Souvent Suivi Marque ,;Oui Important,;Zara ,bershka,Christian louboutain;starlight ,ENIEM,Brandt ;Samsung,,,Condor,LG,,,,,,;OUI je connais condor,;,TV,Reseaux Sociaux ,Ami(e)s Famille Proche,;,Non JeNesuisPas Condor ;,,,,;,;;;ýýlargir la zone de distribution 
[Etude Universitaire] - Impact de la communication Digitale sur la marque ;"Sous le thï¿½ï¿"" La communication Digitale et son impact sur la notoriï¿½ï¿½ï¿½ï¿½ï¿½ï¿½ï¿½"" , un(e) ï¿½ï¿½ï¿½ï¿½ï¿½ï¿½ï¿½ï¿½ï¿½ï¿½ï¿½ï¿½ï¿½ï¿½ï¿½ï¿½ï¿½ï¿½tudiant(e) de l'Ecole des Hautes Etudes Commerciale Kolea lance son sondage pour rï¿½ï¿½ï¿½ï¿½ï¿½ï¿½ï¿½ï¿½ï¿½ï¿½ï¿½ï¿½ï¿½ï¿½ï¿½ï¿½ï¿½ï¿½colter les avis de la communautï¿½ï¿½ï¿½ï¿½ï¿½ï¿½ï¿½ï¿½ï¿½ï¿½ï¿½ï¿½ï¿";false;O2A;QUESTIONNAIRE EN TENANT COMPTE DU CSP;French;admin;6/3/2021, 2:40:31 PM;6/3/2021, 7:30:22 PM;6/10/2021, 9:58:59 PM;BRIM;CYBER PARC STATION 15;SIDI ABDALLAH;enq58;6/7/2021, 11:05:13 AM;01c6a176-bc99-418f-90f0-37659b71fd98;adr58;2000;WILAYA D'ALGER;F;CELIBATAIRE;ETUDIANT;MASTER_INGENIEUR;1;null;36.723648;3.33461;false;true;SANS EMPLOIE;E;36.723644;3.334614;OUIPresentSur RS,;UtilisePlus Facebook,,,,,,,;FaireConnaissance,,,,;,,Moyennement Suivi Marque ,,;Oui Important,;condor,dell,Samsung ;condor,iris,brandt;Samsung,Huawei,,Condor,LG,Brandt,Iris,,,Stream System,ENIEM;OUI je connais condor,;,,,Ami(e)s Famille Proche,;,Non JeNesuisPas Condor ;,,,,;,;;;
[Etude Universitaire] - Impact de la communication Digitale sur la marque ;"Sous le thï¿½ï¿"" La communication Digitale et son impact sur la notoriï¿½ï¿½ï¿½ï¿½ï¿½ï¿½ï¿½"" , un(e) ï¿½ï¿½ï¿½ï¿½ï¿½ï¿½ï¿½ï¿½ï¿½ï¿½ï¿½ï¿½ï¿½ï¿½ï¿½ï¿½ï¿½ï¿½tudiant(e) de l'Ecole des Hautes Etudes Commerciale Kolea lance son sondage pour rï¿½ï¿½ï¿½ï¿½ï¿½ï¿½ï¿½ï¿½ï¿½ï¿½ï¿½ï¿½ï¿½ï¿½ï¿½ï¿½ï¿½ï¿½colter les avis de la communautï¿½ï¿½ï¿½ï¿½ï¿½ï¿½ï¿½ï¿½ï¿½ï¿½ï¿½ï¿½ï¿";false;O2A;QUESTIONNAIRE EN TENANT COMPTE DU CSP;French;admin;6/3/2021, 2:40:31 PM;6/3/2021, 7:30:22 PM;6/10/2021, 9:58:59 PM;BRIM;CYBER PARC STATION 15;SIDI ABDALLAH;enq59;6/7/2021, 4:21:07 PM;736c6790-9a1a-477f-9e81-9a22ad212fca;adr59;1990;WILAYA D'ALGER;F;MARIE;A_SON_COMPTE;MASTER_INGENIEUR;1;null;36.072605;4.739203;false;true;AUTRE A PRECISER;E;36.072605;4.739212;OUIPresentSur RS,;UtilisePlus Facebook,UtilisePlus Instagram,,,,UtilisePlus Tiktok,,;,,,,travail;,Rarement Suivi Marque ,,,;Oui Important,;condor,Samsung,lg;condor,geant,iris;Samsung,,,Condor,LG,Brandt,Iris,,Starlight,,;OUI je connais condor,;Affichage,,Reseaux Sociaux ,,;,Non JeNesuisPas Condor ;,,,,;,;;;plus de vidï¿½ï¿½ï¿½ï¿½ï¿
[Etude Universitaire] - Impact de la communication Digitale sur la marque ;"Sous le thï¿½ï¿"" La communication Digitale et son impact sur la notoriï¿½ï¿½ï¿½ï¿½ï¿½ï¿½ï¿½"" , un(e) ï¿½ï¿½ï¿½ï¿½ï¿½ï¿½ï¿½ï¿½ï¿½ï¿½ï¿½ï¿½ï¿½ï¿½ï¿½ï¿½ï¿½ï¿½tudiant(e) de l'Ecole des Hautes Etudes Commerciale Kolea lance son sondage pour rï¿½ï¿½ï¿½ï¿½ï¿½ï¿½ï¿½ï¿½ï¿½ï¿½ï¿½ï¿½ï¿½ï¿½ï¿½ï¿½ï¿½ï¿½colter les avis de la communautï¿½ï¿½ï¿½ï¿½ï¿½ï¿½ï¿½ï¿½ï¿½ï¿½ï¿½ï¿½ï¿";false;O2A;QUESTIONNAIRE EN TENANT COMPTE DU CSP;French;admin;6/3/2021, 2:40:31 PM;6/3/2021, 7:30:22 PM;6/10/2021, 9:58:59 PM;BRIM;CYBER PARC STATION 15;SIDI ABDALLAH;enq60;6/7/2021, 9:03:21 PM;d4e03ca5-0465-4b5d-a96b-e997b91d034d;adr60;2001;WILAYA D'ALGER;H;CELIBATAIRE;ETUDIANT;BAC;1;null;36.737476;3.0873294;false;false;SANS EMPLOIE;E;36.73748;3.0872967;OUIPresentSur RS,;,UtilisePlus Instagram,,,,,,;FaireConnaissance,,Decouverte Cultures,,;,,Moyennement Suivi Marque ,,;Oui Important,;lg,condor ,samsung;condor,eniem ,brandt;Samsung,Huawei,BEKO,Condor,LG,Brandt,Iris,,Starlight,Stream System,ENIEM;OUI je connais condor,;,,,Ami(e)s Famille Proche,;,Non JeNesuisPas Condor ;,,,,;,;;;crï¿½ï¿½ï¿½ï¿½ï¿½ï¿½ï¿½ï¿½ï¿½ï¿½ï¿½ï¿½ï¿½ï¿½ï¿½ï¿
[Etude Universitaire] - Impact de la communication Digitale sur la marque ;"Sous le thï¿½ï¿"" La communication Digitale et son impact sur la notoriï¿½ï¿½ï¿½ï¿½ï¿½ï¿½ï¿½"" , un(e) ï¿½ï¿½ï¿½ï¿½ï¿½ï¿½ï¿½ï¿½ï¿½ï¿½ï¿½ï¿½ï¿½ï¿½ï¿½ï¿½ï¿½ï¿½tudiant(e) de l'Ecole des Hautes Etudes Commerciale Kolea lance son sondage pour rï¿½ï¿½ï¿½ï¿½ï¿½ï¿½ï¿½ï¿½ï¿½ï¿½ï¿½ï¿½ï¿½ï¿½ï¿½ï¿½ï¿½ï¿½colter les avis de la communautï¿½ï¿½ï¿½ï¿½ï¿½ï¿½ï¿½ï¿½ï¿½ï¿½ï¿½ï¿½ï¿";false;O2A;QUESTIONNAIRE EN TENANT COMPTE DU CSP;French;admin;6/3/2021, 2:40:31 PM;6/3/2021, 7:30:22 PM;6/10/2021, 9:58:59 PM;BRIM;CYBER PARC STATION 15;SIDI ABDALLAH;enq61;6/8/2021, 3:24:08 PM;d713b440-c703-4d3b-b53c-8c3c460dedee;adr61;1996;TLEMCEN;F;CELIBATAIRE;ETUDIANT;LICENCE;1;null;35.718647;4.537682;false;true;SANS EMPLOIE;E;35.718647;4.537682;OUIPresentSur RS,;UtilisePlus Facebook,UtilisePlus Instagram,UtilisePlus Twitter,,,,,;FaireConnaissance,Suivre Actualite ,Decouverte Cultures,Consultation Page marque,;,,Moyennement Suivi Marque ,,;Oui Important,;ýýýýýýýý ýýýýýýýýýýýýýýýýýý,ýýýýýýýý ýýýýýýýý,ýýýýýýýýýý;ýýýýýýýýýýýý,ýýýýýýýýýý,cobra;Samsung,Huawei,BEKO,Condor,LG,Brandt,Iris,Raylan,Starlight,,;OUI je connais condor,;,TV,Reseaux Sociaux ,Ami(e)s Famille Proche,;Oui je suis Condor,;Facebook,,,,;Oui J ai decouvert,;ýýýýýýýý ýýýýýýýý;ýýýýýýýýýýýý ýýýýýýýýýýýý;ýýýýýýýýýý ýýýýýýýýýý ýý ýýýýýý ýýýýýýýýýýýýýý ýýýýýýýýýý ýýýýýý ýýýýýýýýýýýýýý ýýýýýýýýýýýýýý ýýýý ýýýýýý ýýýýýýýý ýýýýýýýýýýýý 
